aibtest_age,aibtest_b,aibtest_chas,aibtest_crim,aibtest_dis,aibtest_indus,aibtest_lstat,aibtest_medv,new_expl_3c39f59f_770a_4b1d_baf1_65f95da65b00,new_pred_3c39f59f_770a_4b1d_baf1_65f95da65b00,new_p1_3c39f59f_770a_4b1d_baf1_65f95da65b00,aibtest_nox,aibtest_ptratio,aibtest_rad,aibtest_rm,aibtest_tax,aibtest_uci_boston_housingid,aibtest_zn,importsequencenumber,aibtest_uci_boston_housing_name,statuscode,statecode,timezoneruleversionnumber,utcconversiontimezonecode,versionnumber,organizationid
80.8,396.9,0,0.05,2.5,11.93,7.88,11.9,,,,0.57,21,1,6.03,273,df7803f6-c96e-ea11-a811-000d3af77de6,0,,,Active,Active,,,3390340,d9024a18-5ac4-4fcd-8db4-e74652d96d30
89.3,393.45,0,0.11,2.39,11.93,6.48,22,,,,0.57,21,1,6.79,273,de7803f6-c96e-ea11-a811-000d3af77de6,0,,,Active,Active,,,3390339,d9024a18-5ac4-4fcd-8db4-e74652d96d30
91,396.9,0,0.06,2.17,11.93,5.64,23.9,,,,0.57,21,1,6.98,273,dd7803f6-c96e-ea11-a811-000d3af77de6,0,,,Active,Active,,,3390338,d9024a18-5ac4-4fcd-8db4-e74652d96d30
76.7,396.9,0,0.05,2.29,11.93,9.08,20.6,,,,0.57,21,1,6.12,273,dc7803f6-c96e-ea11-a811-000d3af77de6,0,,,Active,Active,,,3390337,d9024a18-5ac4-4fcd-8db4-e74652d96d30
69.1,391.99,0,0.06,2.48,11.93,9.67,22.4,,,,0.57,21,1,6.59,273,db7803f6-c96e-ea11-a811-000d3af77de6,0,,,Active,Active,,,3390336,d9024a18-5ac4-4fcd-8db4-e74652d96d30
79.7,396.9,0,0.22,2.5,9.69,14.33,16.8,,,,0.58,19.2,6,6.03,391,da7803f6-c96e-ea11-a811-000d3af77de6,0,,,Active,Active,,,3390335,d9024a18-5ac4-4fcd-8db4-e74652d96d30
73.5,395.77,0,0.18,2.4,9.69,15.1,17.5,,,,0.58,19.2,6,5.57,391,d97803f6-c96e-ea11-a811-000d3af77de6,0,,,Active,Active,,,3390334,d9024a18-5ac4-4fcd-8db4-e74652d96d30
65.3,396.9,0,0.24,2.41,9.69,12.92,21.2,,,,0.58,19.2,6,6.02,391,d87803f6-c96e-ea11-a811-000d3af77de6,0,,,Active,Active,,,3390333,d9024a18-5ac4-4fcd-8db4-e74652d96d30
70.6,396.9,0,0.27,2.89,9.69,14.1,18.3,,,,0.58,19.2,6,5.79,391,d77803f6-c96e-ea11-a811-000d3af77de6,0,,,Active,Active,,,3390332,d9024a18-5ac4-4fcd-8db4-e74652d96d30
72.9,396.9,0,0.29,2.8,9.69,21.14,19.7,,,,0.58,19.2,6,5.39,391,d67803f6-c96e-ea11-a811-000d3af77de6,0,,,Active,Active,,,3390331,d9024a18-5ac4-4fcd-8db4-e74652d96d30
28.8,393.29,0,0.18,2.8,9.69,17.6,23.1,,,,0.58,19.2,6,5.67,391,d57803f6-c96e-ea11-a811-000d3af77de6,0,,,Active,Active,,,3390330,d9024a18-5ac4-4fcd-8db4-e74652d96d30
42.6,396.9,0,0.28,2.38,9.69,13.59,24.5,,,,0.58,19.2,6,5.93,391,d47803f6-c96e-ea11-a811-000d3af77de6,0,,,Active,Active,,,3390329,d9024a18-5ac4-4fcd-8db4-e74652d96d30
54,396.9,0,0.17,2.38,9.69,12.01,21.8,,,,0.58,19.2,6,5.71,391,d37803f6-c96e-ea11-a811-000d3af77de6,0,,,Active,Active,,,3390328,d9024a18-5ac4-4fcd-8db4-e74652d96d30
83.5,396.9,0,0.11,2.11,27.74,13.35,20.1,,,,0.61,20.1,4,5.98,711,d27803f6-c96e-ea11-a811-000d3af77de6,0,,,Active,Active,,,3390327,d9024a18-5ac4-4fcd-8db4-e74652d96d30
98.8,390.11,0,0.11,1.87,27.74,18.07,13.6,,,,0.61,20.1,4,5.98,711,d17803f6-c96e-ea11-a811-000d3af77de6,0,,,Active,Active,,,3390326,d9024a18-5ac4-4fcd-8db4-e74652d96d30
98,318.43,0,0.21,1.82,27.74,29.68,8.1,,,,0.61,20.1,4,5.09,711,d07803f6-c96e-ea11-a811-000d3af77de6,0,,,Active,Active,,,3390325,d9024a18-5ac4-4fcd-8db4-e74652d96d30
98.3,344.05,0,0.18,1.76,27.74,23.97,7,,,,0.61,20.1,4,5.41,711,cf7803f6-c96e-ea11-a811-000d3af77de6,0,,,Active,Active,,,3390324,d9024a18-5ac4-4fcd-8db4-e74652d96d30
92.7,395.09,0,0.15,1.82,27.74,18.06,15.2,,,,0.61,20.1,4,5.45,711,ce7803f6-c96e-ea11-a811-000d3af77de6,0,,,Active,Active,,,3390323,d9024a18-5ac4-4fcd-8db4-e74652d96d30
53.2,388.22,0,4.84,3.15,18.1,11.45,20.6,,,,0.58,20.2,24,5.9,666,cd7803f6-c96e-ea11-a811-000d3af77de6,0,,,Active,Active,,,3390322,d9024a18-5ac4-4fcd-8db4-e74652d96d30
79.8,392.68,0,5.69,3.55,18.1,14.98,19.1,,,,0.58,20.2,24,6.11,666,cc7803f6-c96e-ea11-a811-000d3af77de6,0,,,Active,Active,,,3390321,d9024a18-5ac4-4fcd-8db4-e74652d96d30
51.9,388.62,0,3.67,3.99,18.1,10.58,21.2,,,,0.58,20.2,24,6.31,666,cb7803f6-c96e-ea11-a811-000d3af77de6,0,,,Active,Active,,,3390320,d9024a18-5ac4-4fcd-8db4-e74652d96d30
41.9,370.73,0,2.38,3.72,18.1,13.34,20.6,,,,0.58,20.2,24,5.87,666,ca7803f6-c96e-ea11-a811-000d3af77de6,0,,,Active,Active,,,3390319,d9024a18-5ac4-4fcd-8db4-e74652d96d30
40.3,392.92,0,2.82,4.1,18.1,10.42,21.8,,,,0.53,20.2,24,5.76,666,c97803f6-c96e-ea11-a811-000d3af77de6,0,,,Active,Active,,,3390318,d9024a18-5ac4-4fcd-8db4-e74652d96d30
77,395.28,0,5.73,3.41,18.1,7.01,25,,,,0.53,20.2,24,7.06,666,c87803f6-c96e-ea11-a811-000d3af77de6,0,,,Active,Active,,,3390317,d9024a18-5ac4-4fcd-8db4-e74652d96d30
74.9,393.07,0,5.71,3.33,18.1,7.74,23.7,,,,0.53,20.2,24,6.75,666,c77803f6-c96e-ea11-a811-000d3af77de6,0,,,Active,Active,,,3390316,d9024a18-5ac4-4fcd-8db4-e74652d96d30
64.7,396.9,0,5.82,3.42,18.1,10.74,23,,,,0.53,20.2,24,6.24,666,c67803f6-c96e-ea11-a811-000d3af77de6,0,,,Active,Active,,,3390315,d9024a18-5ac4-4fcd-8db4-e74652d96d30
88,383.32,0,14.33,1.95,18.1,13.11,21.4,,,,0.61,20.2,24,6.23,666,c57803f6-c96e-ea11-a811-000d3af77de6,0,,,Active,Active,,,3390314,d9024a18-5ac4-4fcd-8db4-e74652d96d30
96.7,379.7,0,10.23,2.17,18.1,18.03,14.6,,,,0.61,20.2,24,6.18,666,c47803f6-c96e-ea11-a811-000d3af77de6,0,,,Active,Active,,,3390313,d9024a18-5ac4-4fcd-8db4-e74652d96d30
97.3,349.48,0,15.02,2.1,18.1,24.91,12,,,,0.61,20.2,24,5.3,666,c37803f6-c96e-ea11-a811-000d3af77de6,0,,,Active,Active,,,3390312,d9024a18-5ac4-4fcd-8db4-e74652d96d30
93.6,396.21,0,4.87,2.31,18.1,18.68,16.7,,,,0.61,20.2,24,6.48,666,c27803f6-c96e-ea11-a811-000d3af77de6,0,,,Active,Active,,,3390311,d9024a18-5ac4-4fcd-8db4-e74652d96d30
97.4,302.76,0,6.39,2.21,18.1,24.1,13.3,,,,0.58,20.2,24,6.16,666,c17803f6-c96e-ea11-a811-000d3af77de6,0,,,Active,Active,,,3390310,d9024a18-5ac4-4fcd-8db4-e74652d96d30
95.4,352.58,0,8.06,2.43,18.1,18.14,13.8,,,,0.58,20.2,24,5.43,666,c07803f6-c96e-ea11-a811-000d3af77de6,0,,,Active,Active,,,3390309,d9024a18-5ac4-4fcd-8db4-e74652d96d30
67.6,374.68,0,4.65,2.53,18.1,11.66,29.8,,,,0.61,20.2,24,6.98,666,bf7803f6-c96e-ea11-a811-000d3af77de6,0,,,Active,Active,,,3390308,d9024a18-5ac4-4fcd-8db4-e74652d96d30
75,393.37,0,3.57,2.9,18.1,14.36,23.2,,,,0.58,20.2,24,6.44,666,be7803f6-c96e-ea11-a811-000d3af77de6,0,,,Active,Active,,,3390307,d9024a18-5ac4-4fcd-8db4-e74652d96d30
90.7,395.33,0,4.04,3.1,18.1,12.87,19.6,,,,0.53,20.2,24,6.23,666,bd7803f6-c96e-ea11-a811-000d3af77de6,0,,,Active,Active,,,3390306,d9024a18-5ac4-4fcd-8db4-e74652d96d30
84,396.9,0,4.35,3.03,18.1,16.29,19.9,,,,0.58,20.2,24,6.17,666,bc7803f6-c96e-ea11-a811-000d3af77de6,0,,,Active,Active,,,3390305,d9024a18-5ac4-4fcd-8db4-e74652d96d30
56.7,396.9,0,13.08,2.82,18.1,14.76,20.1,,,,0.58,20.2,24,5.71,666,bb7803f6-c96e-ea11-a811-000d3af77de6,0,,,Active,Active,,,3390304,d9024a18-5ac4-4fcd-8db4-e74652d96d30
71,368.74,0,15.58,2.91,18.1,18.13,19.1,,,,0.58,20.2,24,5.93,666,ba7803f6-c96e-ea11-a811-000d3af77de6,0,,,Active,Active,,,3390303,d9024a18-5ac4-4fcd-8db4-e74652d96d30
94.5,331.29,0,4.42,2.54,18.1,21.32,19.1,,,,0.58,20.2,24,6,666,b97803f6-c96e-ea11-a811-000d3af77de6,0,,,Active,Active,,,3390302,d9024a18-5ac4-4fcd-8db4-e74652d96d30
84.7,22.01,0,3.77,2.87,18.1,17.15,19,,,,0.66,20.2,24,5.95,666,b87803f6-c96e-ea11-a811-000d3af77de6,0,,,Active,Active,,,3390301,d9024a18-5ac4-4fcd-8db4-e74652d96d30
48.2,334.4,0,3.16,3.07,18.1,14.13,19.9,,,,0.66,20.2,24,5.76,666,b77803f6-c96e-ea11-a811-000d3af77de6,0,,,Active,Active,,,3390300,d9024a18-5ac4-4fcd-8db4-e74652d96d30
65.4,396.9,0,7.84,2.96,18.1,13.22,21.4,,,,0.66,20.2,24,6.21,666,b67803f6-c96e-ea11-a811-000d3af77de6,0,,,Active,Active,,,3390299,d9024a18-5ac4-4fcd-8db4-e74652d96d30
89.9,393.82,0,5.82,2.8,18.1,10.29,20.2,,,,0.71,20.2,24,6.51,666,b57803f6-c96e-ea11-a811-000d3af77de6,0,,,Active,Active,,,3390298,d9024a18-5ac4-4fcd-8db4-e74652d96d30
83,396.9,0,6.65,2.73,18.1,13.99,19.5,,,,0.71,20.2,24,6.32,666,b47803f6-c96e-ea11-a811-000d3af77de6,0,,,Active,Active,,,3390297,d9024a18-5ac4-4fcd-8db4-e74652d96d30
88.4,391.43,0,3.69,2.57,18.1,14.65,17.7,,,,0.71,20.2,24,6.38,666,b37803f6-c96e-ea11-a811-000d3af77de6,0,,,Active,Active,,,3390296,d9024a18-5ac4-4fcd-8db4-e74652d96d30
90,255.23,0,4.81,2.6,18.1,16.42,16.4,,,,0.71,20.2,24,6.7,666,b27803f6-c96e-ea11-a811-000d3af77de6,0,,,Active,Active,,,3390295,d9024a18-5ac4-4fcd-8db4-e74652d96d30
84.4,396.9,0,6.8,2.72,18.1,14.7,20,,,,0.71,20.2,24,6.08,666,ac7803f6-c96e-ea11-a811-000d3af77de6,0,,,Active,Active,,,3390294,d9024a18-5ac4-4fcd-8db4-e74652d96d30
83.7,272.21,0,7.75,2.78,18.1,16.23,14.9,,,,0.71,20.2,24,6.3,666,ab7803f6-c96e-ea11-a811-000d3af77de6,0,,,Active,Active,,,3390293,d9024a18-5ac4-4fcd-8db4-e74652d96d30
80.3,3.5,0,8.2,2.78,18.1,16.94,13.5,,,,0.71,20.2,24,5.94,666,aa7803f6-c96e-ea11-a811-000d3af77de6,0,,,Active,Active,,,3390292,d9024a18-5ac4-4fcd-8db4-e74652d96d30
87.9,10.48,0,4.67,2.58,18.1,19.01,12.7,,,,0.71,20.2,24,5.98,666,a97803f6-c96e-ea11-a811-000d3af77de6,0,,,Active,Active,,,3390291,d9024a18-5ac4-4fcd-8db4-e74652d96d30
86.5,50.92,0,4.75,2.44,18.1,18.13,14.1,,,,0.71,20.2,24,6.52,666,a87803f6-c96e-ea11-a811-000d3af77de6,0,,,Active,Active,,,3390290,d9024a18-5ac4-4fcd-8db4-e74652d96d30
94.1,6.68,0,9.51,2.5,18.1,18.71,14.9,,,,0.71,20.2,24,6.73,666,a77803f6-c96e-ea11-a811-000d3af77de6,0,,,Active,Active,,,3390289,d9024a18-5ac4-4fcd-8db4-e74652d96d30
99.3,375.87,0,8.25,2.45,18.1,16.74,17.8,,,,0.71,20.2,24,7.39,666,a67803f6-c96e-ea11-a811-000d3af77de6,0,,,Active,Active,,,3390288,d9024a18-5ac4-4fcd-8db4-e74652d96d30
91.8,385.09,0,5.09,2.37,18.1,17.27,16.1,,,,0.71,20.2,24,6.3,666,a57803f6-c96e-ea11-a811-000d3af77de6,0,,,Active,Active,,,3390287,d9024a18-5ac4-4fcd-8db4-e74652d96d30
98.2,355.29,0,5.44,2.36,18.1,17.73,15.2,,,,0.71,20.2,24,6.66,666,a47803f6-c96e-ea11-a811-000d3af77de6,0,,,Active,Active,,,3390286,d9024a18-5ac4-4fcd-8db4-e74652d96d30
92.6,0.32,0,6.72,2.32,18.1,17.44,13.4,,,,0.71,20.2,24,6.75,666,a37803f6-c96e-ea11-a811-000d3af77de6,0,,,Active,Active,,,3390285,d9024a18-5ac4-4fcd-8db4-e74652d96d30
98.3,304.21,0,7.53,2.18,18.1,19.31,13,,,,0.71,20.2,24,6.42,666,a27803f6-c96e-ea11-a811-000d3af77de6,0,,,Active,Active,,,3390284,d9024a18-5ac4-4fcd-8db4-e74652d96d30
98.7,396.9,0,9.33,2.26,18.1,18.13,14.1,,,,0.71,20.2,24,6.18,666,a17803f6-c96e-ea11-a811-000d3af77de6,0,,,Active,Active,,,3390283,d9024a18-5ac4-4fcd-8db4-e74652d96d30
96.6,388.52,0,9.92,2.2,18.1,16.44,12.6,,,,0.74,20.2,24,6.25,666,a07803f6-c96e-ea11-a811-000d3af77de6,0,,,Active,Active,,,3390282,d9024a18-5ac4-4fcd-8db4-e74652d96d30
96.4,318.01,0,6.29,2.07,18.1,17.79,14.9,,,,0.74,20.2,24,6.34,666,9f7803f6-c96e-ea11-a811-000d3af77de6,0,,,Active,Active,,,3390281,d9024a18-5ac4-4fcd-8db4-e74652d96d30
94.8,43.06,0,10.67,1.99,18.1,23.98,11.8,,,,0.74,20.2,24,6.46,666,9e7803f6-c96e-ea11-a811-000d3af77de6,0,,,Active,Active,,,3390280,d9024a18-5ac4-4fcd-8db4-e74652d96d30
96.6,240.52,0,12.8,1.9,18.1,23.79,10.8,,,,0.74,20.2,24,5.85,666,9d7803f6-c96e-ea11-a811-000d3af77de6,0,,,Active,Active,,,3390279,d9024a18-5ac4-4fcd-8db4-e74652d96d30
100,386.73,0,9.97,1.98,18.1,18.85,15.4,,,,0.74,20.2,24,6.48,666,9c7803f6-c96e-ea11-a811-000d3af77de6,0,,,Active,Active,,,3390278,d9024a18-5ac4-4fcd-8db4-e74652d96d30
100,395.69,0,5.67,2,18.1,16.59,18.4,,,,0.74,20.2,24,6.22,666,9b7803f6-c96e-ea11-a811-000d3af77de6,0,,,Active,Active,,,3390277,d9024a18-5ac4-4fcd-8db4-e74652d96d30
97.2,385.96,0,9.72,2.07,18.1,19.52,17.1,,,,0.74,20.2,24,6.41,666,997803f6-c96e-ea11-a811-000d3af77de6,0,,,Active,Active,,,3390276,d9024a18-5ac4-4fcd-8db4-e74652d96d30
92.4,391.45,0,22.05,1.87,18.1,22.11,10.5,,,,0.74,20.2,24,5.82,666,977803f6-c96e-ea11-a811-000d3af77de6,0,,,Active,Active,,,3390275,d9024a18-5ac4-4fcd-8db4-e74652d96d30
93.9,396.9,0,9.39,1.82,18.1,22.88,12.8,,,,0.74,20.2,24,5.63,666,967803f6-c96e-ea11-a811-000d3af77de6,0,,,Active,Active,,,3390274,d9024a18-5ac4-4fcd-8db4-e74652d96d30
87.9,68.95,0,13.68,1.82,18.1,34.02,8.4,,,,0.74,20.2,24,5.94,666,957803f6-c96e-ea11-a811-000d3af77de6,0,,,Active,Active,,,3390273,d9024a18-5ac4-4fcd-8db4-e74652d96d30
100,9.32,0,15.18,1.91,18.1,26.45,8.7,,,,0.74,20.2,24,6.15,666,947803f6-c96e-ea11-a811-000d3af77de6,0,,,Active,Active,,,3390272,d9024a18-5ac4-4fcd-8db4-e74652d96d30
93.3,27.49,0,14.42,2,18.1,18.05,9.6,,,,0.74,20.2,24,6.46,666,927803f6-c96e-ea11-a811-000d3af77de6,0,,,Active,Active,,,3390271,d9024a18-5ac4-4fcd-8db4-e74652d96d30
94.6,109.85,0,11.16,2.12,18.1,23.27,13.4,,,,0.74,20.2,24,6.63,666,917803f6-c96e-ea11-a811-000d3af77de6,0,,,Active,Active,,,3390270,d9024a18-5ac4-4fcd-8db4-e74652d96d30
95,100.63,0,13.91,2.22,18.1,15.17,11.7,,,,0.71,20.2,24,6.21,666,907803f6-c96e-ea11-a811-000d3af77de6,0,,,Active,Active,,,3390269,d9024a18-5ac4-4fcd-8db4-e74652d96d30
87.9,100.19,0,5.58,2.32,18.1,16.22,14.3,,,,0.71,20.2,24,6.44,666,8f7803f6-c96e-ea11-a811-000d3af77de6,0,,,Active,Active,,,3390268,d9024a18-5ac4-4fcd-8db4-e74652d96d30
74.8,97.95,0,6.44,2.2,18.1,12.03,16.1,,,,0.58,20.2,24,6.42,666,8e7803f6-c96e-ea11-a811-000d3af77de6,0,,,Active,Active,,,3390267,d9024a18-5ac4-4fcd-8db4-e74652d96d30
94.3,81.33,0,10.06,2.09,18.1,19.69,14.1,,,,0.58,20.2,24,6.83,666,8c7803f6-c96e-ea11-a811-000d3af77de6,0,,,Active,Active,,,3390266,d9024a18-5ac4-4fcd-8db4-e74652d96d30
86.1,83.45,0,8.49,2.05,18.1,17.64,14.5,,,,0.58,20.2,24,6.35,666,8b7803f6-c96e-ea11-a811-000d3af77de6,0,,,Active,Active,,,3390265,d9024a18-5ac4-4fcd-8db4-e74652d96d30
95.6,60.72,0,9.34,1.97,18.1,24.08,9.5,,,,0.68,20.2,24,6.38,666,8a7803f6-c96e-ea11-a811-000d3af77de6,0,,,Active,Active,,,3390264,d9024a18-5ac4-4fcd-8db4-e74652d96d30
78.1,96.73,0,7.37,1.94,18.1,21.52,11,,,,0.68,20.2,24,6.19,666,897803f6-c96e-ea11-a811-000d3af77de6,0,,,Active,Active,,,3390263,d9024a18-5ac4-4fcd-8db4-e74652d96d30
78.7,18.82,0,37.66,1.86,18.1,14.52,10.9,,,,0.68,20.2,24,6.2,666,887803f6-c96e-ea11-a811-000d3af77de6,0,,,Active,Active,,,3390262,d9024a18-5ac4-4fcd-8db4-e74652d96d30
59.7,24.65,0,12.25,2,18.1,15.69,10.2,,,,0.58,20.2,24,5.84,666,877803f6-c96e-ea11-a811-000d3af77de6,0,,,Active,Active,,,3390261,d9024a18-5ac4-4fcd-8db4-e74652d96d30
95.4,7.68,0,15.86,1.91,18.1,24.39,8.3,,,,0.68,20.2,24,5.9,666,857803f6-c96e-ea11-a811-000d3af77de6,0,,,Active,Active,,,3390260,d9024a18-5ac4-4fcd-8db4-e74652d96d30
70.6,3.65,0,8.79,2.06,18.1,17.16,11.7,,,,0.58,20.2,24,5.56,666,847803f6-c96e-ea11-a811-000d3af77de6,0,,,Active,Active,,,3390259,d9024a18-5ac4-4fcd-8db4-e74652d96d30
85.1,2.52,0,7.05,2.02,18.1,23.29,13.4,,,,0.61,20.2,24,6.1,666,837803f6-c96e-ea11-a811-000d3af77de6,0,,,Active,Active,,,3390258,d9024a18-5ac4-4fcd-8db4-e74652d96d30
87.6,291.55,0,12.05,1.95,18.1,14.1,20.8,,,,0.61,20.2,24,5.65,666,827803f6-c96e-ea11-a811-000d3af77de6,0,,,Active,Active,,,3390257,d9024a18-5ac4-4fcd-8db4-e74652d96d30
95.3,319.98,0,7.02,1.87,18.1,15.7,14.2,,,,0.72,20.2,24,6.01,666,817803f6-c96e-ea11-a811-000d3af77de6,0,,,Active,Active,,,3390256,d9024a18-5ac4-4fcd-8db4-e74652d96d30
100,318.75,0,11.09,1.86,18.1,15.02,16.7,,,,0.72,20.2,24,6.41,666,807803f6-c96e-ea11-a811-000d3af77de6,0,,,Active,Active,,,3390255,d9024a18-5ac4-4fcd-8db4-e74652d96d30
76.5,48.45,0,11.81,1.79,18.1,22.74,8.4,,,,0.72,20.2,24,6.82,666,7f7803f6-c96e-ea11-a811-000d3af77de6,0,,,Active,Active,,,3390254,d9024a18-5ac4-4fcd-8db4-e74652d96d30
100,16.45,0,73.53,1.8,18.1,20.62,8.8,,,,0.68,20.2,24,5.96,666,7e7803f6-c96e-ea11-a811-000d3af77de6,0,,,Active,Active,,,3390253,d9024a18-5ac4-4fcd-8db4-e74652d96d30
89.1,127.36,0,25.94,1.65,18.1,26.64,10.4,,,,0.68,20.2,24,5.3,666,7d7803f6-c96e-ea11-a811-000d3af77de6,0,,,Active,Active,,,3390252,d9024a18-5ac4-4fcd-8db4-e74652d96d30
90.8,21.57,0,10.83,1.82,18.1,25.79,7.5,,,,0.68,20.2,24,6.78,666,7c7803f6-c96e-ea11-a811-000d3af77de6,0,,,Active,Active,,,3390251,d9024a18-5ac4-4fcd-8db4-e74652d96d30
100,27.25,0,18.08,1.83,18.1,29.05,7.2,,,,0.68,20.2,24,6.43,666,7b7803f6-c96e-ea11-a811-000d3af77de6,0,,,Active,Active,,,3390250,d9024a18-5ac4-4fcd-8db4-e74652d96d30
100,88.27,0,45.75,1.66,18.1,36.98,7,,,,0.69,20.2,24,4.52,666,7a7803f6-c96e-ea11-a811-000d3af77de6,0,,,Active,Active,,,3390249,d9024a18-5ac4-4fcd-8db4-e74652d96d30
100,210.97,0,28.66,1.59,18.1,20.08,16.3,,,,0.6,20.2,24,5.16,666,787803f6-c96e-ea11-a811-000d3af77de6,0,,,Active,Active,,,3390248,d9024a18-5ac4-4fcd-8db4-e74652d96d30
100,28.79,0,18.81,1.55,18.1,34.37,17.9,,,,0.6,20.2,24,4.63,666,777803f6-c96e-ea11-a811-000d3af77de6,0,,,Active,Active,,,3390247,d9024a18-5ac4-4fcd-8db4-e74652d96d30
100,35.05,0,14.05,1.53,18.1,21.22,17.2,,,,0.6,20.2,24,6.66,666,767803f6-c96e-ea11-a811-000d3af77de6,0,,,Active,Active,,,3390246,d9024a18-5ac4-4fcd-8db4-e74652d96d30
100,2.6,0,51.14,1.41,18.1,10.11,15,,,,0.6,20.2,24,5.76,666,757803f6-c96e-ea11-a811-000d3af77de6,0,,,Active,Active,,,3390245,d9024a18-5ac4-4fcd-8db4-e74652d96d30
100,179.36,0,14.44,1.47,18.1,19.78,27.5,,,,0.6,20.2,24,6.85,666,747803f6-c96e-ea11-a811-000d3af77de6,0,,,Active,Active,,,3390244,d9024a18-5ac4-4fcd-8db4-e74652d96d30
97.9,314.64,0,7.4,1.45,18.1,26.4,17.2,,,,0.6,20.2,24,5.62,666,737803f6-c96e-ea11-a811-000d3af77de6,0,,,Active,Active,,,3390243,d9024a18-5ac4-4fcd-8db4-e74652d96d30
100,332.09,0,11.95,1.29,18.1,12.13,27.9,,,,0.66,20.2,24,5.61,666,717803f6-c96e-ea11-a811-000d3af77de6,0,,,Active,Active,,,3390242,d9024a18-5ac4-4fcd-8db4-e74652d96d30
100,370.22,0,20.72,1.18,18.1,23.34,11.9,,,,0.66,20.2,24,4.14,666,707803f6-c96e-ea11-a811-000d3af77de6,0,,,Active,Active,,,3390241,d9024a18-5ac4-4fcd-8db4-e74652d96d30
100,384.97,0,67.92,1.43,18.1,22.98,5,,,,0.69,20.2,24,5.68,666,6f7803f6-c96e-ea11-a811-000d3af77de6,0,,,Active,Active,,,3390240,d9024a18-5ac4-4fcd-8db4-e74652d96d30
85.4,329.46,0,41.53,1.61,18.1,27.38,8.5,,,,0.69,20.2,24,5.53,666,6e7803f6-c96e-ea11-a811-000d3af77de6,0,,,Active,Active,,,3390239,d9024a18-5ac4-4fcd-8db4-e74652d96d30
96,396.9,0,24.8,1.7,18.1,19.77,8.3,,,,0.69,20.2,24,5.35,666,6d7803f6-c96e-ea11-a811-000d3af77de6,0,,,Active,Active,,,3390238,d9024a18-5ac4-4fcd-8db4-e74652d96d30
100,376.11,0,9.6,1.64,18.1,20.31,12.1,,,,0.69,20.2,24,6.4,666,6c7803f6-c96e-ea11-a811-000d3af77de6,0,,,Active,Active,,,3390237,d9024a18-5ac4-4fcd-8db4-e74652d96d30
100,396.9,0,14.24,1.57,18.1,20.32,7.2,,,,0.69,20.2,24,6.34,666,6b7803f6-c96e-ea11-a811-000d3af77de6,0,,,Active,Active,,,3390236,d9024a18-5ac4-4fcd-8db4-e74652d96d30
100,396.9,0,25.05,1.59,18.1,26.77,5.6,,,,0.69,20.2,24,5.99,666,697803f6-c96e-ea11-a811-000d3af77de6,0,,,Active,Active,,,3390235,d9024a18-5ac4-4fcd-8db4-e74652d96d30
77.8,338.16,0,9.92,1.5,18.1,29.97,6.3,,,,0.69,20.2,24,5.85,666,657803f6-c96e-ea11-a811-000d3af77de6,0,,,Active,Active,,,3390234,d9024a18-5ac4-4fcd-8db4-e74652d96d30
100,396.9,0,38.35,1.49,18.1,30.59,5,,,,0.69,20.2,24,5.45,666,637803f6-c96e-ea11-a811-000d3af77de6,0,,,Active,Active,,,3390233,d9024a18-5ac4-4fcd-8db4-e74652d96d30
98.9,393.1,0,7.67,1.63,18.1,19.92,8.5,,,,0.69,20.2,24,5.75,666,627803f6-c96e-ea11-a811-000d3af77de6,0,,,Active,Active,,,3390232,d9024a18-5ac4-4fcd-8db4-e74652d96d30
96,396.9,0,5.87,1.68,18.1,19.37,12.5,,,,0.69,20.2,24,6.4,666,617803f6-c96e-ea11-a811-000d3af77de6,0,,,Active,Active,,,3390231,d9024a18-5ac4-4fcd-8db4-e74652d96d30
98.8,391.98,0,8.72,1.73,18.1,17.12,13.1,,,,0.69,20.2,24,6.47,666,5f7803f6-c96e-ea11-a811-000d3af77de6,0,,,Active,Active,,,3390230,d9024a18-5ac4-4fcd-8db4-e74652d96d30
94.7,396.9,0,13.36,1.78,18.1,16.35,12.7,,,,0.69,20.2,24,5.89,666,5e7803f6-c96e-ea11-a811-000d3af77de6,0,,,Active,Active,,,3390229,d9024a18-5ac4-4fcd-8db4-e74652d96d30
92.6,396.9,0,8.64,1.79,18.1,15.17,13.8,,,,0.69,20.2,24,6.19,666,5d7803f6-c96e-ea11-a811-000d3af77de6,0,,,Active,Active,,,3390228,d9024a18-5ac4-4fcd-8db4-e74652d96d30
97,396.9,0,11.58,1.77,18.1,25.68,9.7,,,,0.7,20.2,24,5.04,666,241e0bf0-c96e-ea11-a811-000d3af77de6,0,,,Active,Active,,,3390227,d9024a18-5ac4-4fcd-8db4-e74652d96d30
82.5,378.38,0,5.29,2.17,18.1,18.76,23.2,,,,0.7,20.2,24,6.05,666,231e0bf0-c96e-ea11-a811-000d3af77de6,0,,,Active,Active,,,3390226,d9024a18-5ac4-4fcd-8db4-e74652d96d30
97,394.43,0,6.96,1.93,18.1,17.11,15.1,,,,0.7,20.2,24,5.71,666,211e0bf0-c96e-ea11-a811-000d3af77de6,0,,,Active,Active,,,3390225,d9024a18-5ac4-4fcd-8db4-e74652d96d30
98.9,396.9,0,8.15,1.73,18.1,20.85,11.5,,,,0.7,20.2,24,5.39,666,201e0bf0-c96e-ea11-a811-000d3af77de6,0,,,Active,Active,,,3390224,d9024a18-5ac4-4fcd-8db4-e74652d96d30
100,372.92,0,14.33,1.59,18.1,30.62,10.2,,,,0.7,20.2,24,4.88,666,1e1e0bf0-c96e-ea11-a811-000d3af77de6,0,,,Active,Active,,,3390223,d9024a18-5ac4-4fcd-8db4-e74652d96d30
89.5,396.9,0,22.6,1.52,18.1,31.99,7.4,,,,0.7,20.2,24,5,666,1a1e0bf0-c96e-ea11-a811-000d3af77de6,0,,,Active,Active,,,3390222,d9024a18-5ac4-4fcd-8db4-e74652d96d30
100,396.9,0,24.39,1.47,18.1,28.28,10.5,,,,0.7,20.2,24,4.65,666,161e0bf0-c96e-ea11-a811-000d3af77de6,0,,,Active,Active,,,3390221,d9024a18-5ac4-4fcd-8db4-e74652d96d30
98.1,396.9,0,16.81,1.43,18.1,30.81,7.2,,,,0.7,20.2,24,5.28,666,111e0bf0-c96e-ea11-a811-000d3af77de6,0,,,Active,Active,,,3390220,d9024a18-5ac4-4fcd-8db4-e74652d96d30
91.2,285.83,0,20.08,1.44,18.1,30.63,8.8,,,,0.7,20.2,24,4.37,666,0e1e0bf0-c96e-ea11-a811-000d3af77de6,0,,,Active,Active,,,3390219,d9024a18-5ac4-4fcd-8db4-e74652d96d30
100,396.9,0,7.99,1.53,18.1,24.56,12.3,,,,0.7,20.2,24,5.52,666,0d1e0bf0-c96e-ea11-a811-000d3af77de6,0,,,Active,Active,,,3390218,d9024a18-5ac4-4fcd-8db4-e74652d96d30
100,396.9,0,9.19,1.58,18.1,23.6,11.3,,,,0.7,20.2,24,5.54,666,0b1e0bf0-c96e-ea11-a811-000d3af77de6,0,,,Active,Active,,,3390217,d9024a18-5ac4-4fcd-8db4-e74652d96d30
99.1,396.9,0,15.87,1.52,18.1,21.08,10.9,,,,0.67,20.2,24,6.54,666,091e0bf0-c96e-ea11-a811-000d3af77de6,0,,,Active,Active,,,3390216,d9024a18-5ac4-4fcd-8db4-e74652d96d30
91.9,396.9,0,88.98,1.42,18.1,17.21,10.4,,,,0.67,20.2,24,6.97,666,081e0bf0-c96e-ea11-a811-000d3af77de6,0,,,Active,Active,,,3390215,d9024a18-5ac4-4fcd-8db4-e74652d96d30
100,393.74,0,17.87,1.39,18.1,21.78,10.2,,,,0.67,20.2,24,6.22,666,071e0bf0-c96e-ea11-a811-000d3af77de6,0,,,Active,Active,,,3390214,d9024a18-5ac4-4fcd-8db4-e74652d96d30
96.2,396.9,0,23.65,1.39,18.1,23.69,13.1,,,,0.67,20.2,24,6.38,666,061e0bf0-c96e-ea11-a811-000d3af77de6,0,,,Active,Active,,,3390213,d9024a18-5ac4-4fcd-8db4-e74652d96d30
98.8,396.9,0,9.82,1.36,18.1,21.24,13.3,,,,0.67,20.2,24,6.79,666,041e0bf0-c96e-ea11-a811-000d3af77de6,0,,,Active,Active,,,3390212,d9024a18-5ac4-4fcd-8db4-e74652d96d30
93.3,363.02,0,15.29,1.34,18.1,23.24,13.9,,,,0.67,20.2,24,6.65,666,031e0bf0-c96e-ea11-a811-000d3af77de6,0,,,Active,Active,,,3390211,d9024a18-5ac4-4fcd-8db4-e74652d96d30
97.9,396.9,0,19.61,1.32,18.1,13.44,15,,,,0.67,20.2,24,7.31,666,011e0bf0-c96e-ea11-a811-000d3af77de6,0,,,Active,Active,,,3390210,d9024a18-5ac4-4fcd-8db4-e74652d96d30
100,396.9,0,18.5,1.14,18.1,37.97,13.8,,,,0.67,20.2,24,4.14,666,001e0bf0-c96e-ea11-a811-000d3af77de6,0,,,Active,Active,,,3390209,d9024a18-5ac4-4fcd-8db4-e74652d96d30
100,396.9,0,11.11,1.17,18.1,34.77,13.8,,,,0.67,20.2,24,4.91,666,ff1d0bf0-c96e-ea11-a811-000d3af77de6,0,,,Active,Active,,,3390207,d9024a18-5ac4-4fcd-8db4-e74652d96d30
89.6,347.88,1,8.27,1.13,18.1,8.88,50,,,,0.67,20.2,24,5.88,666,fe1d0bf0-c96e-ea11-a811-000d3af77de6,0,,,Active,Active,,,3390206,d9024a18-5ac4-4fcd-8db4-e74652d96d30
100,366.15,0,9.23,1.17,18.1,9.53,50,,,,0.63,20.2,24,6.22,666,fc1d0bf0-c96e-ea11-a811-000d3af77de6,0,,,Active,Active,,,3390205,d9024a18-5ac4-4fcd-8db4-e74652d96d30
97.5,392.05,1,6.54,1.2,18.1,2.96,50,,,,0.63,20.2,24,7.02,666,fb1d0bf0-c96e-ea11-a811-000d3af77de6,0,,,Active,Active,,,3390204,d9024a18-5ac4-4fcd-8db4-e74652d96d30
96.8,375.33,1,5.67,1.36,18.1,3.73,50,,,,0.63,20.2,24,6.68,666,f81d0bf0-c96e-ea11-a811-000d3af77de6,0,,,Active,Active,,,3390203,d9024a18-5ac4-4fcd-8db4-e74652d96d30
100,375.52,0,4.9,1.33,18.1,3.26,50,,,,0.63,20.2,24,4.97,666,f71d0bf0-c96e-ea11-a811-000d3af77de6,0,,,Active,Active,,,3390202,d9024a18-5ac4-4fcd-8db4-e74652d96d30
100,131.42,0,13.52,1.51,18.1,13.33,23.1,,,,0.63,20.2,24,3.86,666,f61d0bf0-c96e-ea11-a811-000d3af77de6,0,,,Active,Active,,,3390201,d9024a18-5ac4-4fcd-8db4-e74652d96d30
91.4,316.03,0,3.7,1.75,18.1,14,21.9,,,,0.72,20.2,24,4.96,666,f41d0bf0-c96e-ea11-a811-000d3af77de6,0,,,Active,Active,,,3390200,d9024a18-5ac4-4fcd-8db4-e74652d96d30
87.9,354.7,0,4.56,1.61,18.1,7.12,27.5,,,,0.72,20.2,24,3.56,666,f11d0bf0-c96e-ea11-a811-000d3af77de6,0,,,Active,Active,,,3390199,d9024a18-5ac4-4fcd-8db4-e74652d96d30
82.9,354.55,1,3.47,1.9,18.1,5.29,21.9,,,,0.72,20.2,24,8.78,666,f01d0bf0-c96e-ea11-a811-000d3af77de6,0,,,Active,Active,,,3390198,d9024a18-5ac4-4fcd-8db4-e74652d96d30
89,353.04,1,4.22,1.9,18.1,14.64,16.8,,,,0.77,20.2,24,5.8,666,ef1d0bf0-c96e-ea11-a811-000d3af77de6,0,,,Active,Active,,,3390197,d9024a18-5ac4-4fcd-8db4-e74652d96d30
96.2,380.79,0,3.68,2.1,18.1,10.19,20.8,,,,0.77,20.2,24,5.36,666,ee1d0bf0-c96e-ea11-a811-000d3af77de6,0,,,Active,Active,,,3390196,d9024a18-5ac4-4fcd-8db4-e74652d96d30
91.1,350.65,0,3.84,2.3,18.1,14.19,19.9,,,,0.77,20.2,24,6.25,666,ed1d0bf0-c96e-ea11-a811-000d3af77de6,0,,,Active,Active,,,3390195,d9024a18-5ac4-4fcd-8db4-e74652d96d30
88,374.56,0,4.54,2.52,18.1,7.79,25,,,,0.77,20.2,24,6.4,666,ec1d0bf0-c96e-ea11-a811-000d3af77de6,0,,,Active,Active,,,3390194,d9024a18-5ac4-4fcd-8db4-e74652d96d30
81.3,390.74,0,4.26,2.51,18.1,12.67,22.6,,,,0.77,20.2,24,6.11,666,eb1d0bf0-c96e-ea11-a811-000d3af77de6,0,,,Active,Active,,,3390193,d9024a18-5ac4-4fcd-8db4-e74652d96d30
83.4,395.43,1,5.2,2.72,18.1,11.48,22.7,,,,0.77,20.2,24,6.13,666,ea1d0bf0-c96e-ea11-a811-000d3af77de6,0,,,Active,Active,,,3390192,d9024a18-5ac4-4fcd-8db4-e74652d96d30
91,391.34,1,3.85,2.51,18.1,13.27,21.7,,,,0.77,20.2,24,6.4,666,e91d0bf0-c96e-ea11-a811-000d3af77de6,0,,,Active,Active,,,3390191,d9024a18-5ac4-4fcd-8db4-e74652d96d30
97.4,377.73,1,8.98,2.12,18.1,17.6,17.8,,,,0.77,20.2,24,6.21,666,e71d0bf0-c96e-ea11-a811-000d3af77de6,0,,,Active,Active,,,3390190,d9024a18-5ac4-4fcd-8db4-e74652d96d30
19.5,376.04,0,0.11,10.59,1.91,5.57,20.6,,,,0.41,22,4,5.94,334,e61d0bf0-c96e-ea11-a811-000d3af77de6,80,,,Active,Active,,,3390189,d9024a18-5ac4-4fcd-8db4-e74652d96d30
21.9,382.8,0,0.04,10.59,1.91,8.05,18.2,,,,0.41,22,4,5.66,334,e41d0bf0-c96e-ea11-a811-000d3af77de6,80,,,Active,Active,,,3390188,d9024a18-5ac4-4fcd-8db4-e74652d96d30
36.1,384.46,0,0.02,12.13,2.02,4.5,30.1,,,,0.41,17,5,6.73,187,e31d0bf0-c96e-ea11-a811-000d3af77de6,90,,,Active,Active,,,3390187,d9024a18-5ac4-4fcd-8db4-e74652d96d30
18.5,392.33,0,0.07,10.71,1.69,7.79,18.6,,,,0.41,18.3,4,5.88,411,e21d0bf0-c96e-ea11-a811-000d3af77de6,60,,,Active,Active,,,3390186,d9024a18-5ac4-4fcd-8db4-e74652d96d30
35.9,370.78,0,0.08,10.71,1.69,5.49,24.1,,,,0.41,18.3,4,6.58,411,e11d0bf0-c96e-ea11-a811-000d3af77de6,60,,,Active,Active,,,3390185,d9024a18-5ac4-4fcd-8db4-e74652d96d30
44.4,396.9,0,0.06,8.79,1.25,5.98,22.9,,,,0.43,19.7,1,6.49,335,df1d0bf0-c96e-ea11-a811-000d3af77de6,40,,,Active,Active,,,3390184,d9024a18-5ac4-4fcd-8db4-e74652d96d30
34.5,389.85,0,0.03,8.79,1.25,5.89,26.6,,,,0.43,19.7,1,6.94,335,dd1d0bf0-c96e-ea11-a811-000d3af77de6,40,,,Active,Active,,,3390183,d9024a18-5ac4-4fcd-8db4-e74652d96d30
29.7,390.94,0,0.02,8.34,2.01,5.99,24.5,,,,0.44,17,4,6.64,280,da1d0bf0-c96e-ea11-a811-000d3af77de6,80,,,Active,Active,,,3390182,d9024a18-5ac4-4fcd-8db4-e74652d96d30
27.7,392.43,0,0.02,8.54,4.15,6.36,23.1,,,,0.43,17.9,4,6.52,351,d91d0bf0-c96e-ea11-a811-000d3af77de6,85,,,Active,Active,,,3390181,d9024a18-5ac4-4fcd-8db4-e74652d96d30
52.3,364.61,0,0.06,8.01,4.39,12.67,17.2,,,,0.44,18.8,3,5.9,352,d71d0bf0-c96e-ea11-a811-000d3af77de6,0,,,Active,Active,,,3390180,d9024a18-5ac4-4fcd-8db4-e74652d96d30
48.5,385.64,0,0.03,8.01,4.39,10.53,17.5,,,,0.44,18.8,3,6.01,352,d51d0bf0-c96e-ea11-a811-000d3af77de6,0,,,Active,Active,,,3390179,d9024a18-5ac4-4fcd-8db4-e74652d96d30
28.1,387.97,0,0.03,6.47,3.78,4.61,31.2,,,,0.48,17.6,5,6.87,370,d41d0bf0-c96e-ea11-a811-000d3af77de6,55,,,Active,Active,,,3390178,d9024a18-5ac4-4fcd-8db4-e74652d96d30
56.4,396.9,0,0.03,5.73,3.78,7.18,23.9,,,,0.48,17.6,5,6.7,370,d31d0bf0-c96e-ea11-a811-000d3af77de6,55,,,Active,Active,,,3390177,d9024a18-5ac4-4fcd-8db4-e74652d96d30
59.7,389.96,0,0.02,6.27,1.89,8.65,16.5,,,,0.52,15.9,1,6.54,422,d21d0bf0-c96e-ea11-a811-000d3af77de6,0,,,Active,Active,,,3390176,d9024a18-5ac4-4fcd-8db4-e74652d96d30
49.3,394.74,0,0.01,7.04,1.52,5.49,32.7,,,,0.44,15.5,1,7.24,284,d01d0bf0-c96e-ea11-a811-000d3af77de6,35,,,Active,Active,,,3390175,d9024a18-5ac4-4fcd-8db4-e74652d96d30
58.5,396.9,0,0.06,4.81,5.19,9.29,18.7,,,,0.52,20.2,5,5.97,224,cf1d0bf0-c96e-ea11-a811-000d3af77de6,0,,,Active,Active,,,3390174,d9024a18-5ac4-4fcd-8db4-e74652d96d30
45.4,396.9,0,0.05,4.81,5.19,9.74,19,,,,0.52,20.2,5,5.98,224,ce1d0bf0-c96e-ea11-a811-000d3af77de6,0,,,Active,Active,,,3390173,d9024a18-5ac4-4fcd-8db4-e74652d96d30
37.3,396.14,0,0.03,4.81,5.19,8.51,20.6,,,,0.52,20.2,5,6.06,224,cd1d0bf0-c96e-ea11-a811-000d3af77de6,0,,,Active,Active,,,3390172,d9024a18-5ac4-4fcd-8db4-e74652d96d30
59.6,394.81,0,0.03,5.62,5.19,10.56,18.5,,,,0.52,20.2,5,5.9,224,cc1d0bf0-c96e-ea11-a811-000d3af77de6,0,,,Active,Active,,,3390171,d9024a18-5ac4-4fcd-8db4-e74652d96d30
46.3,396.9,0,0.03,5.23,5.19,9.8,19.5,,,,0.52,20.2,5,5.87,224,c91d0bf0-c96e-ea11-a811-000d3af77de6,0,,,Active,Active,,,3390170,d9024a18-5ac4-4fcd-8db4-e74652d96d30
34.5,396.9,0,0.04,5.99,5.19,8.01,21.1,,,,0.52,20.2,5,6.04,224,c81d0bf0-c96e-ea11-a811-000d3af77de6,0,,,Active,Active,,,3390169,d9024a18-5ac4-4fcd-8db4-e74652d96d30
38.5,389.4,0,0.04,6.46,5.19,6.75,20.7,,,,0.52,20.2,5,6.31,224,c71d0bf0-c96e-ea11-a811-000d3af77de6,0,,,Active,Active,,,3390168,d9024a18-5ac4-4fcd-8db4-e74652d96d30
38.1,389.71,0,0.05,6.46,5.19,5.68,22.2,,,,0.52,20.2,5,6.32,224,c61d0bf0-c96e-ea11-a811-000d3af77de6,0,,,Active,Active,,,3390167,d9024a18-5ac4-4fcd-8db4-e74652d96d30
23.3,362.25,0,0.03,6.64,6.06,7.83,19.4,,,,0.44,16.9,1,6.03,304,c41d0bf0-c96e-ea11-a811-000d3af77de6,35,,,Active,Active,,,3390166,d9024a18-5ac4-4fcd-8db4-e74652d96d30
28.4,394.02,0,0.05,6.64,6.06,12.43,17.1,,,,0.44,16.9,1,5.71,304,c31d0bf0-c96e-ea11-a811-000d3af77de6,35,,,Active,Active,,,3390165,d9024a18-5ac4-4fcd-8db4-e74652d96d30
32.2,368.57,0,0.05,5.87,3.24,9.09,19.8,,,,0.46,16.9,4,6.14,430,c21d0bf0-c96e-ea11-a811-000d3af77de6,0,,,Active,Active,,,3390164,d9024a18-5ac4-4fcd-8db4-e74652d96d30
17.2,375.21,0,0.07,5.21,3.24,7.34,22.6,,,,0.46,16.9,4,6.33,430,c11d0bf0-c96e-ea11-a811-000d3af77de6,0,,,Active,Active,,,3390163,d9024a18-5ac4-4fcd-8db4-e74652d96d30
25.8,382.44,0,0.07,5.21,3.24,9.97,19.3,,,,0.46,16.9,4,5.87,430,c01d0bf0-c96e-ea11-a811-000d3af77de6,0,,,Active,Active,,,3390162,d9024a18-5ac4-4fcd-8db4-e74652d96d30
43.7,396.9,0,0.24,5.42,7.38,12.79,22.2,,,,0.49,19.6,5,6.08,287,bf1d0bf0-c96e-ea11-a811-000d3af77de6,0,,,Active,Active,,,3390161,d9024a18-5ac4-4fcd-8db4-e74652d96d30
28.9,396.9,0,0.3,5.42,7.38,6.15,23,,,,0.49,19.6,5,6.31,287,be1d0bf0-c96e-ea11-a811-000d3af77de6,0,,,Active,Active,,,3390160,d9024a18-5ac4-4fcd-8db4-e74652d96d30
14.7,393.68,0,0.19,5.42,7.38,5.08,24.6,,,,0.49,19.6,5,6.43,287,bd1d0bf0-c96e-ea11-a811-000d3af77de6,0,,,Active,Active,,,3390159,d9024a18-5ac4-4fcd-8db4-e74652d96d30
40.1,396.9,0,0.34,4.72,7.38,6.12,25,,,,0.49,19.6,5,6.42,287,bc1d0bf0-c96e-ea11-a811-000d3af77de6,0,,,Active,Active,,,3390158,d9024a18-5ac4-4fcd-8db4-e74652d96d30
74.3,391.13,0,0.28,4.72,7.38,11.74,18.5,,,,0.49,19.6,5,5.71,287,bb1d0bf0-c96e-ea11-a811-000d3af77de6,0,,,Active,Active,,,3390157,d9024a18-5ac4-4fcd-8db4-e74652d96d30
49.9,396.9,0,0.35,4.72,7.38,7.7,20.4,,,,0.49,19.6,5,6.04,287,ba1d0bf0-c96e-ea11-a811-000d3af77de6,0,,,Active,Active,,,3390156,d9024a18-5ac4-4fcd-8db4-e74652d96d30
54.3,396.9,0,0.18,4.54,7.38,6.87,23.1,,,,0.49,19.6,5,6.38,287,b91d0bf0-c96e-ea11-a811-000d3af77de6,0,,,Active,Active,,,3390155,d9024a18-5ac4-4fcd-8db4-e74652d96d30
52.3,396.9,0,0.17,4.54,7.38,7.2,23.8,,,,0.49,19.6,5,6.43,287,b81d0bf0-c96e-ea11-a811-000d3af77de6,0,,,Active,Active,,,3390154,d9024a18-5ac4-4fcd-8db4-e74652d96d30
58.8,396.23,0,0.48,4,9.9,12.73,21,,,,0.54,18.4,4,6.11,304,b71d0bf0-c96e-ea11-a811-000d3af77de6,0,,,Active,Active,,,3390153,d9024a18-5ac4-4fcd-8db4-e74652d96d30
67.2,395.21,0,0.4,3.53,9.9,10.36,23.1,,,,0.54,18.4,4,6.38,304,b41d0bf0-c96e-ea11-a811-000d3af77de6,0,,,Active,Active,,,3390152,d9024a18-5ac4-4fcd-8db4-e74652d96d30
71.7,396.9,0,0.25,4.03,9.9,15.94,19.8,,,,0.54,18.4,4,5.78,304,b31d0bf0-c96e-ea11-a811-000d3af77de6,0,,,Active,Active,,,3390151,d9024a18-5ac4-4fcd-8db4-e74652d96d30
83.2,390.7,0,0.32,4,9.9,18.33,17.8,,,,0.54,18.4,4,5.91,304,b21d0bf0-c96e-ea11-a811-000d3af77de6,0,,,Active,Active,,,3390150,d9024a18-5ac4-4fcd-8db4-e74652d96d30
77.7,396.42,0,0.25,3.94,9.9,11.5,16.2,,,,0.54,18.4,4,5.7,304,b11d0bf0-c96e-ea11-a811-000d3af77de6,0,,,Active,Active,,,3390149,d9024a18-5ac4-4fcd-8db4-e74652d96d30
87.3,395.69,0,0.37,3.6,9.9,9.28,23.8,,,,0.54,18.4,4,6.57,304,b01d0bf0-c96e-ea11-a811-000d3af77de6,0,,,Active,Active,,,3390148,d9024a18-5ac4-4fcd-8db4-e74652d96d30
82.8,393.39,0,0.27,3.26,9.9,7.9,21.6,,,,0.54,18.4,4,6.27,304,af1d0bf0-c96e-ea11-a811-000d3af77de6,0,,,Active,Active,,,3390147,d9024a18-5ac4-4fcd-8db4-e74652d96d30
90.4,396.3,0,0.26,2.83,9.9,11.72,19.4,,,,0.54,18.4,4,6.02,304,ad1d0bf0-c96e-ea11-a811-000d3af77de6,0,,,Active,Active,,,3390146,d9024a18-5ac4-4fcd-8db4-e74652d96d30
52.8,396.9,0,0.79,2.64,9.9,5.98,22.1,,,,0.54,18.4,4,6.12,304,ac1d0bf0-c96e-ea11-a811-000d3af77de6,0,,,Active,Active,,,3390145,d9024a18-5ac4-4fcd-8db4-e74652d96d30
37.8,350.45,0,2.64,2.52,9.9,12.64,16.1,,,,0.54,18.4,4,4.97,304,aa1d0bf0-c96e-ea11-a811-000d3af77de6,0,,,Active,Active,,,3390144,d9024a18-5ac4-4fcd-8db4-e74652d96d30
76.7,396.24,0,0.35,3.1,9.9,9.97,20.3,,,,0.54,18.4,4,5.97,304,a71d0bf0-c96e-ea11-a811-000d3af77de6,0,,,Active,Active,,,3390143,d9024a18-5ac4-4fcd-8db4-e74652d96d30
82.5,396.9,0,0.49,3.32,9.9,4.54,22.8,,,,0.54,18.4,4,6.64,304,a41d0bf0-c96e-ea11-a811-000d3af77de6,0,,,Active,Active,,,3390142,d9024a18-5ac4-4fcd-8db4-e74652d96d30
70.3,396.9,0,0.05,3.18,2.18,7.53,28.2,,,,0.47,18.4,7,6.85,222,a21d0bf0-c96e-ea11-a811-000d3af77de6,33,,,Active,Active,,,3390141,d9024a18-5ac4-4fcd-8db4-e74652d96d30
71.9,396.9,0,0.08,3.1,2.18,6.47,33.4,,,,0.47,18.4,7,7.42,222,9f1d0bf0-c96e-ea11-a811-000d3af77de6,33,,,Active,Active,,,3390140,d9024a18-5ac4-4fcd-8db4-e74652d96d30
58.1,393.36,0,0.05,3.37,2.18,8.93,28.4,,,,0.47,18.4,7,6.62,222,9d1d0bf0-c96e-ea11-a811-000d3af77de6,33,,,Active,Active,,,3390139,d9024a18-5ac4-4fcd-8db4-e74652d96d30
41.1,393.68,0,0.06,4.02,2.18,6.93,36.1,,,,0.47,18.4,7,7.24,222,9c1d0bf0-c96e-ea11-a811-000d3af77de6,33,,,Active,Active,,,3390138,d9024a18-5ac4-4fcd-8db4-e74652d96d30
17.7,390.43,0,0.1,5.49,6.09,4.86,33.1,,,,0.43,16.1,7,6.98,329,9b1d0bf0-c96e-ea11-a811-000d3af77de6,34,,,Active,Active,,,3390137,d9024a18-5ac4-4fcd-8db4-e74652d96d30
18.4,383.61,0,0.09,5.49,6.09,8.67,26.4,,,,0.43,16.1,7,6.5,329,9a1d0bf0-c96e-ea11-a811-000d3af77de6,34,,,Active,Active,,,3390136,d9024a18-5ac4-4fcd-8db4-e74652d96d30
40.4,395.75,0,0.04,5.49,6.09,9.5,22,,,,0.43,16.1,7,6.59,329,991d0bf0-c96e-ea11-a811-000d3af77de6,34,,,Active,Active,,,3390135,d9024a18-5ac4-4fcd-8db4-e74652d96d30
47.4,390.86,0,0.04,7.83,2.24,6.07,24.8,,,,0.4,14.8,5,6.87,358,981d0bf0-c96e-ea11-a811-000d3af77de6,70,,,Active,Active,,,3390134,d9024a18-5ac4-4fcd-8db4-e74652d96d30
10,371.58,0,0.06,7.83,2.24,4.74,29,,,,0.4,14.8,5,7.04,358,971d0bf0-c96e-ea11-a811-000d3af77de6,70,,,Active,Active,,,3390133,d9024a18-5ac4-4fcd-8db4-e74652d96d30
20.1,368.24,0,0.06,7.83,2.24,4.97,22.5,,,,0.4,14.8,5,6.34,358,961d0bf0-c96e-ea11-a811-000d3af77de6,70,,,Active,Active,,,3390132,d9024a18-5ac4-4fcd-8db4-e74652d96d30
58,396.9,0,0.14,6.32,13.92,15.84,20.3,,,,0.44,16,4,5.79,289,951d0bf0-c96e-ea11-a811-000d3af77de6,0,,,Active,Active,,,3390131,d9024a18-5ac4-4fcd-8db4-e74652d96d30
51,392.85,0,0.05,5.96,13.92,7.39,27.1,,,,0.44,16,4,6.55,289,941d0bf0-c96e-ea11-a811-000d3af77de6,0,,,Active,Active,,,3390130,d9024a18-5ac4-4fcd-8db4-e74652d96d30
31.1,396.9,0,0.13,5.96,13.92,6.27,28.6,,,,0.44,16,4,6.68,289,931d0bf0-c96e-ea11-a811-000d3af77de6,0,,,Active,Active,,,3390129,d9024a18-5ac4-4fcd-8db4-e74652d96d30
42.3,396.9,0,0.08,5.5,13.92,10.4,21.7,,,,0.44,16,4,6.01,289,911d0bf0-c96e-ea11-a811-000d3af77de6,0,,,Active,Active,,,3390128,d9024a18-5ac4-4fcd-8db4-e74652d96d30
18.4,396.9,0,0.08,5.5,13.92,8.58,23.9,,,,0.44,16,4,6.13,289,901d0bf0-c96e-ea11-a811-000d3af77de6,0,,,Active,Active,,,3390127,d9024a18-5ac4-4fcd-8db4-e74652d96d30
23.4,396.9,0,0.04,5.12,4.95,4.7,27.9,,,,0.41,19.2,4,6.63,245,8f1d0bf0-c96e-ea11-a811-000d3af77de6,80,,,Active,Active,,,3390126,d9024a18-5ac4-4fcd-8db4-e74652d96d30
27.7,396.9,0,0.08,5.12,4.95,3.56,37.3,,,,0.41,19.2,4,7.15,245,8e1d0bf0-c96e-ea11-a811-000d3af77de6,80,,,Active,Active,,,3390125,d9024a18-5ac4-4fcd-8db4-e74652d96d30
27.9,396.9,0,0.04,5.12,4.95,3.33,28.5,,,,0.41,19.2,4,6.86,245,8d1d0bf0-c96e-ea11-a811-000d3af77de6,80,,,Active,Active,,,3390124,d9024a18-5ac4-4fcd-8db4-e74652d96d30
22.9,371.72,0,0.04,7.32,5.32,9.51,24.8,,,,0.4,16.6,6,6.56,293,8c1d0bf0-c96e-ea11-a811-000d3af77de6,52.5,,,Active,Active,,,3390123,d9024a18-5ac4-4fcd-8db4-e74652d96d30
45.6,396.9,0,0.05,7.32,5.32,7.6,22.3,,,,0.4,16.6,6,6.32,293,8b1d0bf0-c96e-ea11-a811-000d3af77de6,52.5,,,Active,Active,,,3390122,d9024a18-5ac4-4fcd-8db4-e74652d96d30
31.3,396.9,0,0.04,7.32,5.32,7.14,23.2,,,,0.4,16.6,6,6.21,293,8a1d0bf0-c96e-ea11-a811-000d3af77de6,52.5,,,Active,Active,,,3390121,d9024a18-5ac4-4fcd-8db4-e74652d96d30
31.5,341.6,0,0.02,9.09,1.76,12.93,20.1,,,,0.38,18.2,1,6.23,241,891d0bf0-c96e-ea11-a811-000d3af77de6,80,,,Active,Active,,,3390120,d9024a18-5ac4-4fcd-8db4-e74652d96d30
31.9,394.72,0,0.01,7.31,2.25,8.23,22,,,,0.39,15.3,1,6.45,300,881d0bf0-c96e-ea11-a811-000d3af77de6,55,,,Active,Active,,,3390119,d9024a18-5ac4-4fcd-8db4-e74652d96d30
20.8,394.72,0,0.01,7.31,2.97,7.85,32.2,,,,0.4,15.3,1,7.09,285,871d0bf0-c96e-ea11-a811-000d3af77de6,90,,,Active,Active,,,3390118,d9024a18-5ac4-4fcd-8db4-e74652d96d30
24.8,395.52,1,0.02,5.88,1.21,3.16,50,,,,0.4,13.6,1,7.92,198,861d0bf0-c96e-ea11-a811-000d3af77de6,90,,,Active,Active,,,3390117,d9024a18-5ac4-4fcd-8db4-e74652d96d30
49.7,377.07,1,0.06,5.21,3.33,3.01,46,,,,0.44,14.9,5,7.64,216,841d0bf0-c96e-ea11-a811-000d3af77de6,20,,,Active,Active,,,3390116,d9024a18-5ac4-4fcd-8db4-e74652d96d30
37.2,392.23,0,0.04,5.24,3.33,4.59,35.4,,,,0.44,14.9,5,6.97,216,831d0bf0-c96e-ea11-a811-000d3af77de6,20,,,Active,Active,,,3390115,d9024a18-5ac4-4fcd-8db4-e74652d96d30
64.5,387.31,0,0.04,4.69,3.33,3.76,45.4,,,,0.44,14.9,5,7.82,216,821d0bf0-c96e-ea11-a811-000d3af77de6,20,,,Active,Active,,,3390114,d9024a18-5ac4-4fcd-8db4-e74652d96d30
32.2,396.9,0,0.21,4.1,3.33,4.85,35.1,,,,0.44,14.9,5,6.81,216,811d0bf0-c96e-ea11-a811-000d3af77de6,20,,,Active,Active,,,3390113,d9024a18-5ac4-4fcd-8db4-e74652d96d30
32.1,396.9,0,0.08,4.14,6.41,7.19,29.1,,,,0.45,17.6,4,6.48,254,801d0bf0-c96e-ea11-a811-000d3af77de6,40,,,Active,Active,,,3390112,d9024a18-5ac4-4fcd-8db4-e74652d96d30
27.6,393.45,1,0.06,4.86,6.41,4.16,33.1,,,,0.45,17.6,4,6.83,254,7f1d0bf0-c96e-ea11-a811-000d3af77de6,40,,,Active,Active,,,3390111,d9024a18-5ac4-4fcd-8db4-e74652d96d30
49,389.25,1,0.1,4.79,6.41,6.05,33.2,,,,0.45,17.6,4,7.27,254,7e1d0bf0-c96e-ea11-a811-000d3af77de6,40,,,Active,Active,,,3390110,d9024a18-5ac4-4fcd-8db4-e74652d96d30
42.8,396.9,0,0.1,4.27,6.41,2.98,32,,,,0.45,17.6,4,6.85,254,7d1d0bf0-c96e-ea11-a811-000d3af77de6,40,,,Active,Active,,,3390109,d9024a18-5ac4-4fcd-8db4-e74652d96d30
32.9,396.9,1,0.06,4.08,6.41,3.53,32.4,,,,0.45,17.6,4,6.76,254,7c1d0bf0-c96e-ea11-a811-000d3af77de6,40,,,Active,Active,,,3390108,d9024a18-5ac4-4fcd-8db4-e74652d96d30
51.8,390.77,1,0.22,4.37,6.96,6.58,35.2,,,,0.46,18.6,3,7.69,223,7b1d0bf0-c96e-ea11-a811-000d3af77de6,20,,,Active,Active,,,3390107,d9024a18-5ac4-4fcd-8db4-e74652d96d30
58.7,394.96,0,0.11,3.92,6.96,7.73,24.4,,,,0.46,18.6,3,6.54,223,7a1d0bf0-c96e-ea11-a811-000d3af77de6,20,,,Active,Active,,,3390106,d9024a18-5ac4-4fcd-8db4-e74652d96d30
16.3,396.9,0,0.16,4.43,6.96,6.59,25.2,,,,0.46,18.6,3,6.24,223,791d0bf0-c96e-ea11-a811-000d3af77de6,20,,,Active,Active,,,3390105,d9024a18-5ac4-4fcd-8db4-e74652d96d30
42.1,388.65,0,0.3,4.43,6.96,13,21.1,,,,0.46,18.6,3,5.86,223,781d0bf0-c96e-ea11-a811-000d3af77de6,20,,,Active,Active,,,3390104,d9024a18-5ac4-4fcd-8db4-e74652d96d30
61.5,391.34,1,0.09,3.92,6.96,13.65,20.7,,,,0.46,18.6,3,5.92,223,771d0bf0-c96e-ea11-a811-000d3af77de6,20,,,Active,Active,,,3390103,d9024a18-5ac4-4fcd-8db4-e74652d96d30
52.6,390.3,0,0.54,2.87,3.97,3.16,43.5,,,,0.57,13,5,7.47,264,761d0bf0-c96e-ea11-a811-000d3af77de6,20,,,Active,Active,,,3390102,d9024a18-5ac4-4fcd-8db4-e74652d96d30
67,384.54,0,0.58,2.42,3.97,7.44,50,,,,0.57,13,5,8.3,264,751d0bf0-c96e-ea11-a811-000d3af77de6,20,,,Active,Active,,,3390101,d9024a18-5ac4-4fcd-8db4-e74652d96d30
84.6,384.07,0,0.79,2.13,3.97,14.79,30.7,,,,0.65,13,5,7.01,264,741d0bf0-c96e-ea11-a811-000d3af77de6,20,,,Active,Active,,,3390100,d9024a18-5ac4-4fcd-8db4-e74652d96d30
62.8,392.4,0,0.76,1.99,3.97,10.45,22.8,,,,0.65,13,5,5.56,264,731d0bf0-c96e-ea11-a811-000d3af77de6,20,,,Active,Active,,,3390099,d9024a18-5ac4-4fcd-8db4-e74652d96d30
91.6,387.89,0,0.55,1.93,3.97,8.1,36.5,,,,0.65,13,5,7.21,264,721d0bf0-c96e-ea11-a811-000d3af77de6,20,,,Active,Active,,,3390098,d9024a18-5ac4-4fcd-8db4-e74652d96d30
94.5,393.42,0,0.83,2.08,3.97,11.25,31,,,,0.65,13,5,7.33,264,711d0bf0-c96e-ea11-a811-000d3af77de6,20,,,Active,Active,,,3390097,d9024a18-5ac4-4fcd-8db4-e74652d96d30
91.5,386.86,0,0.52,2.29,3.97,5.91,48.8,,,,0.65,13,5,8.4,264,6f1d0bf0-c96e-ea11-a811-000d3af77de6,20,,,Active,Active,,,3390096,d9024a18-5ac4-4fcd-8db4-e74652d96d30
89.4,388.37,0,0.53,2.14,3.97,7.26,43.1,,,,0.65,13,5,7.52,264,6e1d0bf0-c96e-ea11-a811-000d3af77de6,20,,,Active,Active,,,3390095,d9024a18-5ac4-4fcd-8db4-e74652d96d30
81.8,392.8,0,0.54,2.11,3.97,9.59,33.8,,,,0.65,13,5,7.2,264,6d1d0bf0-c96e-ea11-a811-000d3af77de6,20,,,Active,Active,,,3390094,d9024a18-5ac4-4fcd-8db4-e74652d96d30
100,391.93,0,0.66,2.01,3.97,6.9,30.1,,,,0.65,13,5,6.84,264,6c1d0bf0-c96e-ea11-a811-000d3af77de6,20,,,Active,Active,,,3390093,d9024a18-5ac4-4fcd-8db4-e74652d96d30
100,383.29,0,0.66,1.89,3.97,7.79,36,,,,0.65,13,5,7.33,264,6b1d0bf0-c96e-ea11-a811-000d3af77de6,20,,,Active,Active,,,3390092,d9024a18-5ac4-4fcd-8db4-e74652d96d30
86.9,389.7,0,0.61,1.8,3.97,5.12,50,,,,0.65,13,5,8.7,264,6a1d0bf0-c96e-ea11-a811-000d3af77de6,20,,,Active,Active,,,3390091,d9024a18-5ac4-4fcd-8db4-e74652d96d30
34.2,386.34,0,0.02,6.34,3.75,3.11,44,,,,0.39,15.9,3,7.45,244,691d0bf0-c96e-ea11-a811-000d3af77de6,90,,,Active,Active,,,3390090,d9024a18-5ac4-4fcd-8db4-e74652d96d30
19.1,395.18,0,0.04,9.22,3.64,9.25,20.9,,,,0.39,16.4,1,5.88,315,681d0bf0-c96e-ea11-a811-000d3af77de6,80,,,Active,Active,,,3390089,d9024a18-5ac4-4fcd-8db4-e74652d96d30
32,392.89,0,0.05,9.22,3.64,6.57,21.9,,,,0.39,16.4,1,6.11,315,671d0bf0-c96e-ea11-a811-000d3af77de6,80,,,Active,Active,,,3390088,d9024a18-5ac4-4fcd-8db4-e74652d96d30
8.4,396.9,0,0.37,8.91,5.86,3.54,42.8,,,,0.43,19.1,7,8.26,330,661d0bf0-c96e-ea11-a811-000d3af77de6,22,,,Active,Active,,,3390087,d9024a18-5ac4-4fcd-8db4-e74652d96d30
6.8,386.09,0,0.08,8.91,5.86,3.53,29.6,,,,0.43,19.1,7,6.96,330,651d0bf0-c96e-ea11-a811-000d3af77de6,22,,,Active,Active,,,3390086,d9024a18-5ac4-4fcd-8db4-e74652d96d30
8.9,377.07,0,0.21,7.4,5.86,3.59,24.8,,,,0.43,19.1,7,6.44,330,641d0bf0-c96e-ea11-a811-000d3af77de6,22,,,Active,Active,,,3390085,d9024a18-5ac4-4fcd-8db4-e74652d96d30
13,396.28,0,0.14,7.4,5.86,5.9,24.4,,,,0.43,19.1,7,6.49,330,631d0bf0-c96e-ea11-a811-000d3af77de6,22,,,Active,Active,,,3390084,d9024a18-5ac4-4fcd-8db4-e74652d96d30
17.5,393.74,0,0.19,7.83,5.86,6.56,26.2,,,,0.43,19.1,7,6.72,330,621d0bf0-c96e-ea11-a811-000d3af77de6,22,,,Active,Active,,,3390083,d9024a18-5ac4-4fcd-8db4-e74652d96d30
49.1,374.71,0,0.16,7.83,5.86,9.52,24.5,,,,0.43,19.1,7,6.43,330,611d0bf0-c96e-ea11-a811-000d3af77de6,22,,,Active,Active,,,3390082,d9024a18-5ac4-4fcd-8db4-e74652d96d30
79.2,376.14,0,0.2,8.06,5.86,10.15,20.5,,,,0.43,19.1,7,6.23,330,601d0bf0-c96e-ea11-a811-000d3af77de6,22,,,Active,Active,,,3390081,d9024a18-5ac4-4fcd-8db4-e74652d96d30
34.9,390.18,0,0.34,8.06,5.86,9.16,24.3,,,,0.43,19.1,7,6.11,330,5f1d0bf0-c96e-ea11-a811-000d3af77de6,22,,,Active,Active,,,3390080,d9024a18-5ac4-4fcd-8db4-e74652d96d30
70.2,389.13,0,0.19,7.95,5.86,18.46,18.5,,,,0.43,19.1,7,5.6,330,5e1d0bf0-c96e-ea11-a811-000d3af77de6,22,,,Active,Active,,,3390079,d9024a18-5ac4-4fcd-8db4-e74652d96d30
76.5,372.49,0,0.21,7.95,5.86,12.5,17.6,,,,0.43,19.1,7,5.59,330,5d1d0bf0-c96e-ea11-a811-000d3af77de6,22,,,Active,Active,,,3390078,d9024a18-5ac4-4fcd-8db4-e74652d96d30
7.8,374.71,0,0.13,7.04,4.93,5.19,23.7,,,,0.43,16.6,6,6.39,300,5c1d0bf0-c96e-ea11-a811-000d3af77de6,30,,,Active,Active,,,3390077,d9024a18-5ac4-4fcd-8db4-e74652d96d30
52.9,372.75,0,0.1,7.04,4.93,11.22,22.2,,,,0.43,16.6,6,6.36,300,5b1d0bf0-c96e-ea11-a811-000d3af77de6,30,,,Active,Active,,,3390076,d9024a18-5ac4-4fcd-8db4-e74652d96d30
65.1,394.62,0,0.11,6.34,4.93,12.4,20.1,,,,0.43,16.6,6,6.1,300,5a1d0bf0-c96e-ea11-a811-000d3af77de6,30,,,Active,Active,,,3390075,d9024a18-5ac4-4fcd-8db4-e74652d96d30
54.3,391.25,0,0.11,6.34,4.93,11.38,22,,,,0.43,16.6,6,6.9,300,591d0bf0-c96e-ea11-a811-000d3af77de6,30,,,Active,Active,,,3390074,d9024a18-5ac4-4fcd-8db4-e74652d96d30
42.2,383.78,0,0.09,6.19,4.93,7.37,23.3,,,,0.43,16.6,6,6.61,300,581d0bf0-c96e-ea11-a811-000d3af77de6,30,,,Active,Active,,,3390073,d9024a18-5ac4-4fcd-8db4-e74652d96d30
18.5,379.41,0,0.08,6.19,4.93,6.36,23.7,,,,0.43,16.6,6,6.48,300,571d0bf0-c96e-ea11-a811-000d3af77de6,30,,,Active,Active,,,3390072,d9024a18-5ac4-4fcd-8db4-e74652d96d30
71.6,390.07,0,0.51,4.15,6.2,4.73,31.5,,,,0.51,17.4,8,7.36,307,561d0bf0-c96e-ea11-a811-000d3af77de6,0,,,Active,Active,,,3390071,d9024a18-5ac4-4fcd-8db4-e74652d96d30
76.5,388.45,1,0.52,4.15,6.2,9.54,25.1,,,,0.51,17.4,8,6.63,307,551d0bf0-c96e-ea11-a811-000d3af77de6,0,,,Active,Active,,,3390070,d9024a18-5ac4-4fcd-8db4-e74652d96d30
61.5,376.75,0,0.33,3.65,6.2,10.88,24,,,,0.51,17.4,8,6.09,307,541d0bf0-c96e-ea11-a811-000d3af77de6,0,,,Active,Active,,,3390069,d9024a18-5ac4-4fcd-8db4-e74652d96d30
66.5,360.2,1,0.45,3.65,6.2,8.05,29,,,,0.51,17.4,8,6.73,307,531d0bf0-c96e-ea11-a811-000d3af77de6,0,,,Active,Active,,,3390068,d9024a18-5ac4-4fcd-8db4-e74652d96d30
70.4,378.95,0,0.33,3.65,6.2,3.95,48.3,,,,0.51,17.4,8,8.25,307,521d0bf0-c96e-ea11-a811-000d3af77de6,0,,,Active,Active,,,3390067,d9024a18-5ac4-4fcd-8db4-e74652d96d30
73.3,385.91,0,0.58,3.84,6.2,2.47,41.7,,,,0.51,17.4,8,8.34,307,511d0bf0-c96e-ea11-a811-000d3af77de6,0,,,Active,Active,,,3390066,d9024a18-5ac4-4fcd-8db4-e74652d96d30
76.9,376.14,0,0.46,3.67,6.2,5.25,31.7,,,,0.5,17.4,8,7.41,307,501d0bf0-c96e-ea11-a811-000d3af77de6,0,,,Active,Active,,,3390065,d9024a18-5ac4-4fcd-8db4-e74652d96d30
68.1,378.35,0,0.54,3.67,6.2,11.65,24.3,,,,0.5,17.4,8,5.98,307,4f1d0bf0-c96e-ea11-a811-000d3af77de6,0,,,Active,Active,,,3390064,d9024a18-5ac4-4fcd-8db4-e74652d96d30
21.4,380.34,0,0.44,3.38,6.2,3.76,31.5,,,,0.5,17.4,8,6.55,307,4e1d0bf0-c96e-ea11-a811-000d3af77de6,0,,,Active,Active,,,3390063,d9024a18-5ac4-4fcd-8db4-e74652d96d30
17,377.51,0,0.3,3.38,6.2,3.92,46.7,,,,0.5,17.4,8,7.69,307,4d1d0bf0-c96e-ea11-a811-000d3af77de6,0,,,Active,Active,,,3390062,d9024a18-5ac4-4fcd-8db4-e74652d96d30
79.9,372.08,0,0.41,3.22,6.2,6.36,31.6,,,,0.5,17.4,8,7.16,307,4c1d0bf0-c96e-ea11-a811-000d3af77de6,0,,,Active,Active,,,3390061,d9024a18-5ac4-4fcd-8db4-e74652d96d30
86.5,387.38,0,0.38,3.22,6.2,3.13,37.6,,,,0.5,17.4,8,8.04,307,4b1d0bf0-c96e-ea11-a811-000d3af77de6,0,,,Active,Active,,,3390060,d9024a18-5ac4-4fcd-8db4-e74652d96d30
83,382,0,0.53,2.89,6.2,4.63,50,,,,0.5,17.4,8,8.72,307,4a1d0bf0-c96e-ea11-a811-000d3af77de6,0,,,Active,Active,,,3390059,d9024a18-5ac4-4fcd-8db4-e74652d96d30
78.3,385.05,0,0.32,2.89,6.2,4.14,44.8,,,,0.5,17.4,8,8.27,307,491d0bf0-c96e-ea11-a811-000d3af77de6,0,,,Active,Active,,,3390058,d9024a18-5ac4-4fcd-8db4-e74652d96d30
80.8,396.9,0,0.61,3.27,6.2,7.6,30.1,,,,0.51,17.4,8,6.62,307,481d0bf0-c96e-ea11-a811-000d3af77de6,0,,,Active,Active,,,3390057,d9024a18-5ac4-4fcd-8db4-e74652d96d30
77.7,390.39,1,0.62,3.27,6.2,9.93,27.5,,,,0.51,17.4,8,6.88,307,471d0bf0-c96e-ea11-a811-000d3af77de6,0,,,Active,Active,,,3390056,d9024a18-5ac4-4fcd-8db4-e74652d96d30
91.3,395.24,1,0.41,3.05,6.2,21.46,21.7,,,,0.51,17.4,8,6.16,307,461d0bf0-c96e-ea11-a811-000d3af77de6,0,,,Active,Active,,,3390055,d9024a18-5ac4-4fcd-8db4-e74652d96d30
88.5,391.7,1,0.36,2.86,6.2,9.71,26.7,,,,0.51,17.4,8,6.95,307,451d0bf0-c96e-ea11-a811-000d3af77de6,0,,,Active,Active,,,3390054,d9024a18-5ac4-4fcd-8db4-e74652d96d30
92.4,393.74,1,0.11,3.36,13.89,10.5,23,,,,0.55,16.4,5,6.37,276,441d0bf0-c96e-ea11-a811-000d3af77de6,0,,,Active,Active,,,3390053,d9024a18-5ac4-4fcd-8db4-e74652d96d30
93.8,396.9,1,0.11,2.89,13.89,17.92,21.5,,,,0.55,16.4,5,5.95,276,431d0bf0-c96e-ea11-a811-000d3af77de6,0,,,Active,Active,,,3390052,d9024a18-5ac4-4fcd-8db4-e74652d96d30
85.1,392.78,0,0.07,3.42,13.89,9.69,28.7,,,,0.55,16.4,5,6.64,276,421d0bf0-c96e-ea11-a811-000d3af77de6,0,,,Active,Active,,,3390051,d9024a18-5ac4-4fcd-8db4-e74652d96d30
56,392.8,1,0.05,3.11,13.89,13.51,23.3,,,,0.55,16.4,5,5.89,276,411d0bf0-c96e-ea11-a811-000d3af77de6,0,,,Active,Active,,,3390050,d9024a18-5ac4-4fcd-8db4-e74652d96d30
42.4,393.63,0,0.2,3.95,10.59,9.47,25,,,,0.49,18.6,4,6.18,277,401d0bf0-c96e-ea11-a811-000d3af77de6,0,,,Active,Active,,,3390049,d9024a18-5ac4-4fcd-8db4-e74652d96d30
9.8,348.93,0,0.29,3.59,10.59,29.55,23.7,,,,0.49,18.6,4,5.41,277,3f1d0bf0-c96e-ea11-a811-000d3af77de6,0,,,Active,Active,,,3390048,d9024a18-5ac4-4fcd-8db4-e74652d96d30
32.3,385.81,0,0.14,3.95,10.59,9.38,28.1,,,,0.49,18.6,4,6.38,277,3e1d0bf0-c96e-ea11-a811-000d3af77de6,0,,,Active,Active,,,3390047,d9024a18-5ac4-4fcd-8db4-e74652d96d30
53.8,390.94,1,0.22,3.65,10.59,16.03,22.4,,,,0.49,18.6,4,5.81,277,3d1d0bf0-c96e-ea11-a811-000d3af77de6,0,,,Active,Active,,,3390046,d9024a18-5ac4-4fcd-8db4-e74652d96d30
88.6,395.24,1,0.38,3.66,10.59,23.98,19.3,,,,0.49,18.6,4,5.4,277,3c1d0bf0-c96e-ea11-a811-000d3af77de6,0,,,Active,Active,,,3390045,d9024a18-5ac4-4fcd-8db4-e74652d96d30
92.1,393.25,1,0.17,3.88,10.59,17.27,21.7,,,,0.49,18.6,4,5.96,277,3b1d0bf0-c96e-ea11-a811-000d3af77de6,0,,,Active,Active,,,3390044,d9024a18-5ac4-4fcd-8db4-e74652d96d30
100,396.9,1,0.44,3.88,10.59,23.09,20,,,,0.49,18.6,4,5.34,277,3a1d0bf0-c96e-ea11-a811-000d3af77de6,0,,,Active,Active,,,3390043,d9024a18-5ac4-4fcd-8db4-e74652d96d30
59.1,381.32,1,0.14,4.24,10.59,14.66,24.4,,,,0.49,18.6,4,6.06,277,391d0bf0-c96e-ea11-a811-000d3af77de6,0,,,Active,Active,,,3390042,d9024a18-5ac4-4fcd-8db4-e74652d96d30
72.7,389.43,0,0.25,4.35,10.59,18.06,22.5,,,,0.49,18.6,4,5.78,277,381d0bf0-c96e-ea11-a811-000d3af77de6,0,,,Active,Active,,,3390041,d9024a18-5ac4-4fcd-8db4-e74652d96d30
52.5,394.87,0,0.23,4.35,10.59,10.97,24.4,,,,0.49,18.6,4,6.33,277,371d0bf0-c96e-ea11-a811-000d3af77de6,0,,,Active,Active,,,3390040,d9024a18-5ac4-4fcd-8db4-e74652d96d30
22.3,396.9,0,0.14,3.95,10.59,10.87,22.6,,,,0.49,18.6,4,5.89,277,361d0bf0-c96e-ea11-a811-000d3af77de6,0,,,Active,Active,,,3390039,d9024a18-5ac4-4fcd-8db4-e74652d96d30
31.9,390.55,0,0.02,5.12,2.68,2.88,50,,,,0.42,14.7,4,8.03,224,351d0bf0-c96e-ea11-a811-000d3af77de6,95,,,Active,Active,,,3390038,d9024a18-5ac4-4fcd-8db4-e74652d96d30
33.2,392.78,0,0.04,5.12,2.68,3.81,48.5,,,,0.42,14.7,4,7.85,224,341d0bf0-c96e-ea11-a811-000d3af77de6,95,,,Active,Active,,,3390037,d9024a18-5ac4-4fcd-8db4-e74652d96d30
15.7,395.38,0,0.02,6.27,2.03,3.11,42.3,,,,0.42,14.7,2,7.61,348,331d0bf0-c96e-ea11-a811-000d3af77de6,82.5,,,Active,Active,,,3390036,d9024a18-5ac4-4fcd-8db4-e74652d96d30
38.4,393.77,0,0.03,6.27,2.03,7.43,24.1,,,,0.42,14.7,2,6.16,348,321d0bf0-c96e-ea11-a811-000d3af77de6,82.5,,,Active,Active,,,3390035,d9024a18-5ac4-4fcd-8db4-e74652d96d30
13.9,384.3,0,0.02,7.65,1.47,4.45,32.9,,,,0.4,17,3,7.14,402,311d0bf0-c96e-ea11-a811-000d3af77de6,95,,,Active,Active,,,3390034,d9024a18-5ac4-4fcd-8db4-e74652d96d30
15.3,396.9,0,0.03,7.65,1.47,4.56,34.9,,,,0.4,17,3,6.98,402,301d0bf0-c96e-ea11-a811-000d3af77de6,95,,,Active,Active,,,3390033,d9024a18-5ac4-4fcd-8db4-e74652d96d30
38.3,392.2,0,0.04,7.31,1.52,6.62,34.6,,,,0.4,12.6,2,7.27,329,2f1d0bf0-c96e-ea11-a811-000d3af77de6,80,,,Active,Active,,,3390032,d9024a18-5ac4-4fcd-8db4-e74652d96d30
36.6,354.31,0,0.05,7.31,1.52,8.61,30.3,,,,0.4,12.6,2,7.11,329,2e1d0bf0-c96e-ea11-a811-000d3af77de6,80,,,Active,Active,,,3390031,d9024a18-5ac4-4fcd-8db4-e74652d96d30
34.1,396.9,0,0.04,7.31,1.52,4.08,33.3,,,,0.4,12.6,2,7.29,329,2d1d0bf0-c96e-ea11-a811-000d3af77de6,80,,,Active,Active,,,3390030,d9024a18-5ac4-4fcd-8db4-e74652d96d30
32,394.23,0,0.01,5.65,0.46,2.97,50,,,,0.42,14.4,4,7.88,255,2c1d0bf0-c96e-ea11-a811-000d3af77de6,80,,,Active,Active,,,3390029,d9024a18-5ac4-4fcd-8db4-e74652d96d30
18.8,376.7,0,0.01,6.22,2.93,4.38,29.1,,,,0.4,15.6,1,6.6,265,2b1d0bf0-c96e-ea11-a811-000d3af77de6,60,,,Active,Active,,,3390028,d9024a18-5ac4-4fcd-8db4-e74652d96d30
9.9,393.37,0,0.02,6.22,2.93,5.03,31.1,,,,0.4,15.6,1,6.8,265,261d0bf0-c96e-ea11-a811-000d3af77de6,60,,,Active,Active,,,3390027,d9024a18-5ac4-4fcd-8db4-e74652d96d30
26.3,390.49,0,0.09,6.48,3.44,2.87,36.4,,,,0.44,15.2,5,7.18,398,231d0bf0-c96e-ea11-a811-000d3af77de6,45,,,Active,Active,,,3390026,d9024a18-5ac4-4fcd-8db4-e74652d96d30
30.8,389.71,0,0.07,6.48,3.44,4.69,30.5,,,,0.44,15.2,5,6.74,398,221d0bf0-c96e-ea11-a811-000d3af77de6,45,,,Active,Active,,,3390025,d9024a18-5ac4-4fcd-8db4-e74652d96d30
21.5,377.68,0,0.09,6.48,3.44,5.1,37,,,,0.44,15.2,5,6.95,398,211d0bf0-c96e-ea11-a811-000d3af77de6,45,,,Active,Active,,,3390024,d9024a18-5ac4-4fcd-8db4-e74652d96d30
38.9,396.9,0,0.08,4.57,3.44,5.39,34.9,,,,0.44,15.2,5,7.18,398,201d0bf0-c96e-ea11-a811-000d3af77de6,45,,,Active,Active,,,3390023,d9024a18-5ac4-4fcd-8db4-e74652d96d30
29.1,382.84,0,0.13,4.57,3.44,4.56,29.8,,,,0.44,15.2,5,6.56,398,1f1d0bf0-c96e-ea11-a811-000d3af77de6,45,,,Active,Active,,,3390022,d9024a18-5ac4-4fcd-8db4-e74652d96d30
41.1,393.87,0,0.08,3.79,3.44,6.68,32,,,,0.44,15.2,5,6.78,398,1e1d0bf0-c96e-ea11-a811-000d3af77de6,45,,,Active,Active,,,3390021,d9024a18-5ac4-4fcd-8db4-e74652d96d30
53.6,392.63,0,0.06,3.2,2.46,4.45,50,,,,0.49,17.8,3,7.83,193,1d1d0bf0-c96e-ea11-a811-000d3af77de6,0,,,Active,Active,,,3390020,d9024a18-5ac4-4fcd-8db4-e74652d96d30
68.8,387.11,0,0.06,3.28,2.46,13.15,29.6,,,,0.49,17.8,3,6.15,193,1c1d0bf0-c96e-ea11-a811-000d3af77de6,0,,,Active,Active,,,3390019,d9024a18-5ac4-4fcd-8db4-e74652d96d30
89.8,391,0,0.08,2.99,2.46,13.98,26.4,,,,0.49,17.8,3,5.6,193,1b1d0bf0-c96e-ea11-a811-000d3af77de6,0,,,Active,Active,,,3390018,d9024a18-5ac4-4fcd-8db4-e74652d96d30
95.6,396.9,0,0.1,2.85,2.46,5.68,32.5,,,,0.49,17.8,3,6.56,193,1a1d0bf0-c96e-ea11-a811-000d3af77de6,0,,,Active,Active,,,3390017,d9024a18-5ac4-4fcd-8db4-e74652d96d30
92.2,394.12,0,0.09,2.7,2.46,4.82,37.9,,,,0.49,17.8,3,7.16,193,191d0bf0-c96e-ea11-a811-000d3af77de6,0,,,Active,Active,,,3390016,d9024a18-5ac4-4fcd-8db4-e74652d96d30
62.2,396.9,0,0.07,2.6,2.46,9.45,36.2,,,,0.49,17.8,3,6.14,193,181d0bf0-c96e-ea11-a811-000d3af77de6,0,,,Active,Active,,,3390015,d9024a18-5ac4-4fcd-8db4-e74652d96d30
83.3,395.56,0,0.07,2.74,2.46,7.56,39.8,,,,0.49,17.8,3,7.76,193,171d0bf0-c96e-ea11-a811-000d3af77de6,0,,,Active,Active,,,3390014,d9024a18-5ac4-4fcd-8db4-e74652d96d30
58.4,396.9,0,0.06,2.83,2.46,5.04,37.2,,,,0.49,17.8,3,6.98,193,161d0bf0-c96e-ea11-a811-000d3af77de6,0,,,Active,Active,,,3390013,d9024a18-5ac4-4fcd-8db4-e74652d96d30
74.4,391.27,0,0.07,2.92,4.05,6.92,29.9,,,,0.51,16.6,5,6.86,296,151d0bf0-c96e-ea11-a811-000d3af77de6,0,,,Active,Active,,,3390012,d9024a18-5ac4-4fcd-8db4-e74652d96d30
73.4,395.6,0,0.05,3.32,4.05,6.29,24.6,,,,0.51,16.6,5,6.32,296,141d0bf0-c96e-ea11-a811-000d3af77de6,0,,,Active,Active,,,3390011,d9024a18-5ac4-4fcd-8db4-e74652d96d30
47.2,393.23,0,0.07,3.55,4.05,10.11,23.2,,,,0.51,16.6,5,6.02,296,131d0bf0-c96e-ea11-a811-000d3af77de6,0,,,Active,Active,,,3390010,d9024a18-5ac4-4fcd-8db4-e74652d96d30
33.1,390.96,0,0.07,3.13,4.05,5.33,29.4,,,,0.51,16.6,5,6.55,296,121d0bf0-c96e-ea11-a811-000d3af77de6,0,,,Active,Active,,,3390009,d9024a18-5ac4-4fcd-8db4-e74652d96d30
68.7,393.23,0,0.08,2.7,4.05,9.64,22.6,,,,0.51,16.6,5,5.86,296,111d0bf0-c96e-ea11-a811-000d3af77de6,0,,,Active,Active,,,3390008,d9024a18-5ac4-4fcd-8db4-e74652d96d30
84.1,395.5,0,0.09,2.65,4.05,9.04,23.6,,,,0.51,16.6,5,6.42,296,101d0bf0-c96e-ea11-a811-000d3af77de6,0,,,Active,Active,,,3390007,d9024a18-5ac4-4fcd-8db4-e74652d96d30
88.5,396.9,0,0.14,2.6,4.05,14.69,23.1,,,,0.51,16.6,5,5.57,296,0f1d0bf0-c96e-ea11-a811-000d3af77de6,0,,,Active,Active,,,3390006,d9024a18-5ac4-4fcd-8db4-e74652d96d30
97.3,348.13,0,2.31,2.39,19.58,12.03,19.1,,,,0.6,14.7,5,5.88,403,0e1d0bf0-c96e-ea11-a811-000d3af77de6,0,,,Active,Active,,,3390005,d9024a18-5ac4-4fcd-8db4-e74652d96d30
94.6,292.29,0,1.21,2.43,19.58,14.43,17.4,,,,0.6,14.7,5,5.88,403,0d1d0bf0-c96e-ea11-a811-000d3af77de6,0,,,Active,Active,,,3390004,d9024a18-5ac4-4fcd-8db4-e74652d96d30
95.2,330.04,0,2.45,2.26,19.58,11.32,22.3,,,,0.6,14.7,5,6.4,403,0c1d0bf0-c96e-ea11-a811-000d3af77de6,0,,,Active,Active,,,3390003,d9024a18-5ac4-4fcd-8db4-e74652d96d30
96.1,297.09,0,2.3,2.1,19.58,11.1,23.8,,,,0.6,14.7,5,6.32,403,0b1d0bf0-c96e-ea11-a811-000d3af77de6,0,,,Active,Active,,,3390002,d9024a18-5ac4-4fcd-8db4-e74652d96d30
79.2,227.61,0,1.8,2.43,19.58,12.14,23.8,,,,0.6,14.7,5,5.88,403,0a1d0bf0-c96e-ea11-a811-000d3af77de6,0,,,Active,Active,,,3390001,d9024a18-5ac4-4fcd-8db4-e74652d96d30
96.2,369.3,0,2.01,2.05,19.58,3.7,50,,,,0.6,14.7,5,7.93,403,081d0bf0-c96e-ea11-a811-000d3af77de6,0,,,Active,Active,,,3390000,d9024a18-5ac4-4fcd-8db4-e74652d96d30
93,240.16,0,2.92,2.28,19.58,9.81,25,,,,0.6,14.7,5,6.1,403,071d0bf0-c96e-ea11-a811-000d3af77de6,0,,,Active,Active,,,3389999,d9024a18-5ac4-4fcd-8db4-e74652d96d30
91.8,395.11,0,2.24,2.42,19.58,11.64,22.7,,,,0.6,14.7,5,5.85,403,051d0bf0-c96e-ea11-a811-000d3af77de6,0,,,Active,Active,,,3389998,d9024a18-5ac4-4fcd-8db4-e74652d96d30
93.9,388.45,1,1.52,2.16,19.58,3.32,50,,,,0.6,14.7,5,8.38,403,041d0bf0-c96e-ea11-a811-000d3af77de6,0,,,Active,Active,,,3389997,d9024a18-5ac4-4fcd-8db4-e74652d96d30
98.2,389.61,1,1.83,2.04,19.58,1.92,50,,,,0.6,14.7,5,7.8,403,031d0bf0-c96e-ea11-a811-000d3af77de6,0,,,Active,Active,,,3389996,d9024a18-5ac4-4fcd-8db4-e74652d96d30
90.8,374.43,0,1.46,1.97,19.58,1.73,50,,,,0.6,14.7,5,7.49,403,001d0bf0-c96e-ea11-a811-000d3af77de6,0,,,Active,Active,,,3389995,d9024a18-5ac4-4fcd-8db4-e74652d96d30
92.6,338.92,1,1.27,1.8,19.58,5.5,27,,,,0.6,14.7,5,6.25,403,fd1c0bf0-c96e-ea11-a811-000d3af77de6,0,,,Active,Active,,,3389994,d9024a18-5ac4-4fcd-8db4-e74652d96d30
100,364.31,0,1.43,1.77,19.58,7.39,23.3,,,,0.87,14.7,5,6.51,403,fc1c0bf0-c96e-ea11-a811-000d3af77de6,0,,,Active,Active,,,3389993,d9024a18-5ac4-4fcd-8db4-e74652d96d30
100,353.89,0,1.34,1.76,19.58,6.43,24.3,,,,0.6,14.7,5,6.07,403,fa1c0bf0-c96e-ea11-a811-000d3af77de6,0,,,Active,Active,,,3389992,d9024a18-5ac4-4fcd-8db4-e74652d96d30
97.4,363.43,0,1.22,1.88,19.58,4.59,41.3,,,,0.6,14.7,5,6.94,403,f91c0bf0-c96e-ea11-a811-000d3af77de6,0,,,Active,Active,,,3389991,d9024a18-5ac4-4fcd-8db4-e74652d96d30
94,88.63,0,2.45,1.74,19.58,16.14,13.1,,,,0.87,14.7,5,5.27,403,f81c0bf0-c96e-ea11-a811-000d3af77de6,0,,,Active,Active,,,3389990,d9024a18-5ac4-4fcd-8db4-e74652d96d30
82.6,88.01,1,3.54,1.75,19.58,15.02,15.6,,,,0.87,14.7,5,6.15,403,f61c0bf0-c96e-ea11-a811-000d3af77de6,0,,,Active,Active,,,3389989,d9024a18-5ac4-4fcd-8db4-e74652d96d30
96,321.02,1,1.41,1.75,19.58,15.12,17,,,,0.87,14.7,5,6.13,403,f51c0bf0-c96e-ea11-a811-000d3af77de6,0,,,Active,Active,,,3389988,d9024a18-5ac4-4fcd-8db4-e74652d96d30
98.5,261.95,0,2.15,1.62,19.58,15.79,19.4,,,,0.87,14.7,5,5.71,403,f41c0bf0-c96e-ea11-a811-000d3af77de6,0,,,Active,Active,,,3389987,d9024a18-5ac4-4fcd-8db4-e74652d96d30
88,343.28,1,1.13,1.61,19.58,12.12,15.3,,,,0.87,14.7,5,5.01,403,f31c0bf0-c96e-ea11-a811-000d3af77de6,0,,,Active,Active,,,3389986,d9024a18-5ac4-4fcd-8db4-e74652d96d30
100,341.6,0,1.5,1.59,19.58,13.28,19.6,,,,0.87,14.7,5,5.4,403,f21c0bf0-c96e-ea11-a811-000d3af77de6,0,,,Active,Active,,,3389985,d9024a18-5ac4-4fcd-8db4-e74652d96d30
97.3,372.8,0,1.66,1.62,19.58,14.1,21.5,,,,0.87,14.7,5,6.12,403,f11c0bf0-c96e-ea11-a811-000d3af77de6,0,,,Active,Active,,,3389984,d9024a18-5ac4-4fcd-8db4-e74652d96d30
94.9,351.85,0,2.73,1.53,19.58,21.45,15.4,,,,0.87,14.7,5,5.6,403,f01c0bf0-c96e-ea11-a811-000d3af77de6,0,,,Active,Active,,,3389983,d9024a18-5ac4-4fcd-8db4-e74652d96d30
93.8,356.99,0,2.33,1.53,19.58,28.32,17.8,,,,0.87,14.7,5,5.19,403,ef1c0bf0-c96e-ea11-a811-000d3af77de6,0,,,Active,Active,,,3389982,d9024a18-5ac4-4fcd-8db4-e74652d96d30
95.7,391.71,0,2.37,1.46,19.58,29.53,14.6,,,,0.87,14.7,5,4.93,403,ee1c0bf0-c96e-ea11-a811-000d3af77de6,0,,,Active,Active,,,3389981,d9024a18-5ac4-4fcd-8db4-e74652d96d30
100,169.27,0,2.16,1.52,19.58,16.65,15.6,,,,0.87,14.7,5,5.63,403,ed1c0bf0-c96e-ea11-a811-000d3af77de6,0,,,Active,Active,,,3389980,d9024a18-5ac4-4fcd-8db4-e74652d96d30
100,172.91,0,2.38,1.42,19.58,27.8,13.8,,,,0.87,14.7,5,6.13,403,eb1c0bf0-c96e-ea11-a811-000d3af77de6,0,,,Active,Active,,,3389979,d9024a18-5ac4-4fcd-8db4-e74652d96d30
97.8,396.9,0,2.78,1.35,19.58,29.29,11.8,,,,0.87,14.7,5,4.9,403,ea1c0bf0-c96e-ea11-a811-000d3af77de6,0,,,Active,Active,,,3389978,d9024a18-5ac4-4fcd-8db4-e74652d96d30
100,396.9,0,4.1,1.41,19.58,26.42,15.6,,,,0.87,14.7,5,5.47,403,e91c0bf0-c96e-ea11-a811-000d3af77de6,0,,,Active,Active,,,3389977,d9024a18-5ac4-4fcd-8db4-e74652d96d30
100,396.9,1,3.32,1.32,19.58,26.82,13.4,,,,0.87,14.7,5,5.4,403,e81c0bf0-c96e-ea11-a811-000d3af77de6,0,,,Active,Active,,,3389976,d9024a18-5ac4-4fcd-8db4-e74652d96d30
100,396.9,0,1.63,1.44,21.89,34.41,14.4,,,,0.62,21.2,4,5.02,437,e71c0bf0-c96e-ea11-a811-000d3af77de6,0,,,Active,Active,,,3389975,d9024a18-5ac4-4fcd-8db4-e74652d96d30
93.6,388.08,0,0.29,1.61,21.89,24.16,14,,,,0.62,21.2,4,6.17,437,e61c0bf0-c96e-ea11-a811-000d3af77de6,0,,,Active,Active,,,3389974,d9024a18-5ac4-4fcd-8db4-e74652d96d30
97.9,396.9,0,0.54,1.67,21.89,18.46,17.8,,,,0.62,21.2,4,6.15,437,e41c0bf0-c96e-ea11-a811-000d3af77de6,0,,,Active,Active,,,3389973,d9024a18-5ac4-4fcd-8db4-e74652d96d30
98.2,392.04,0,0.25,1.67,21.89,21.32,13.3,,,,0.62,21.2,4,5.86,437,e31c0bf0-c96e-ea11-a811-000d3af77de6,0,,,Active,Active,,,3389972,d9024a18-5ac4-4fcd-8db4-e74652d96d30
98.4,394.08,0,0.35,1.85,21.89,14.59,17.1,,,,0.62,21.2,4,6.45,437,e21c0bf0-c96e-ea11-a811-000d3af77de6,0,,,Active,Active,,,3389971,d9024a18-5ac4-4fcd-8db4-e74652d96d30
93.5,378.25,0,0.32,1.97,21.89,16.9,17.4,,,,0.62,21.2,4,5.94,437,e11c0bf0-c96e-ea11-a811-000d3af77de6,0,,,Active,Active,,,3389970,d9024a18-5ac4-4fcd-8db4-e74652d96d30
98.2,394.67,0,0.56,2.11,21.89,16.96,18.1,,,,0.62,21.2,4,6.34,437,df1c0bf0-c96e-ea11-a811-000d3af77de6,0,,,Active,Active,,,3389969,d9024a18-5ac4-4fcd-8db4-e74652d96d30
98.4,262.76,0,0.98,2.35,21.89,17.31,15.6,,,,0.62,21.2,4,5.76,437,de1c0bf0-c96e-ea11-a811-000d3af77de6,0,,,Active,Active,,,3389968,d9024a18-5ac4-4fcd-8db4-e74652d96d30
95.4,388.69,0,0.33,2.47,21.89,15.03,18.4,,,,0.62,21.2,4,5.82,437,dd1c0bf0-c96e-ea11-a811-000d3af77de6,0,,,Active,Active,,,3389967,d9024a18-5ac4-4fcd-8db4-e74652d96d30
97.9,385.76,0,0.59,2.33,21.89,11.12,23,,,,0.62,21.2,4,6.37,437,db1c0bf0-c96e-ea11-a811-000d3af77de6,0,,,Active,Active,,,3389966,d9024a18-5ac4-4fcd-8db4-e74652d96d30
97.7,396.9,0,1.19,2.27,21.89,12.26,19.6,,,,0.62,21.2,4,6.33,437,da1c0bf0-c96e-ea11-a811-000d3af77de6,0,,,Active,Active,,,3389965,d9024a18-5ac4-4fcd-8db4-e74652d96d30
98.9,395.04,0,0.34,2.12,21.89,12.6,19.2,,,,0.62,21.2,4,6.46,437,d81c0bf0-c96e-ea11-a811-000d3af77de6,0,,,Active,Active,,,3389964,d9024a18-5ac4-4fcd-8db4-e74652d96d30
94.7,396.9,0,0.88,1.98,21.89,18.34,14.3,,,,0.62,21.2,4,5.64,437,d61c0bf0-c96e-ea11-a811-000d3af77de6,0,,,Active,Active,,,3389963,d9024a18-5ac4-4fcd-8db4-e74652d96d30
98.8,396.9,0,0.33,1.81,21.89,15.39,18,,,,0.62,21.2,4,6.43,437,d51c0bf0-c96e-ea11-a811-000d3af77de6,0,,,Active,Active,,,3389962,d9024a18-5ac4-4fcd-8db4-e74652d96d30
96,392.11,0,0.26,1.79,21.89,17.19,16.2,,,,0.62,21.2,4,5.69,437,d41c0bf0-c96e-ea11-a811-000d3af77de6,0,,,Active,Active,,,3389961,d9024a18-5ac4-4fcd-8db4-e74652d96d30
95.6,359.29,0,0.39,1.76,25.65,27.26,15.7,,,,0.58,19.1,2,5.61,188,d31c0bf0-c96e-ea11-a811-000d3af77de6,0,,,Active,Active,,,3389960,d9024a18-5ac4-4fcd-8db4-e74652d96d30
88.4,385.02,0,0.17,1.99,25.65,14.81,21.4,,,,0.58,19.1,2,5.99,188,d21c0bf0-c96e-ea11-a811-000d3af77de6,0,,,Active,Active,,,3389959,d9024a18-5ac4-4fcd-8db4-e74652d96d30
95.8,379.38,0,0.1,2.01,25.65,17.58,18.8,,,,0.58,19.1,2,5.88,188,d11c0bf0-c96e-ea11-a811-000d3af77de6,0,,,Active,Active,,,3389958,d9024a18-5ac4-4fcd-8db4-e74652d96d30
97,370.31,0,0.15,1.94,25.65,25.41,17.3,,,,0.58,19.1,2,5.86,188,d01c0bf0-c96e-ea11-a811-000d3af77de6,0,,,Active,Active,,,3389957,d9024a18-5ac4-4fcd-8db4-e74652d96d30
92.9,378.09,0,0.09,2.09,25.65,17.93,20.5,,,,0.58,19.1,2,5.96,188,ce1c0bf0-c96e-ea11-a811-000d3af77de6,0,,,Active,Active,,,3389956,d9024a18-5ac4-4fcd-8db4-e74652d96d30
84.1,377.67,0,0.07,2.2,25.65,14.27,20.3,,,,0.58,19.1,2,6,188,cd1c0bf0-c96e-ea11-a811-000d3af77de6,0,,,Active,Active,,,3389955,d9024a18-5ac4-4fcd-8db4-e74652d96d30
69.7,389.15,0,0.07,2.26,25.65,14.37,22,,,,0.58,19.1,2,5.87,188,cc1c0bf0-c96e-ea11-a811-000d3af77de6,0,,,Active,Active,,,3389954,d9024a18-5ac4-4fcd-8db4-e74652d96d30
65.2,391.5,0,0.14,2.76,10.01,13.61,19.3,,,,0.55,17.8,6,5.73,432,cb1c0bf0-c96e-ea11-a811-000d3af77de6,0,,,Active,Active,,,3389953,d9024a18-5ac4-4fcd-8db4-e74652d96d30
73.1,338.63,0,0.13,2.48,10.01,15.37,20.4,,,,0.55,17.8,6,5.87,432,c81c0bf0-c96e-ea11-a811-000d3af77de6,0,,,Active,Active,,,3389951,d9024a18-5ac4-4fcd-8db4-e74652d96d30
82.6,394.51,0,0.15,2.75,10.01,10.3,19.2,,,,0.55,17.8,6,6.02,432,c71c0bf0-c96e-ea11-a811-000d3af77de6,0,,,Active,Active,,,3389950,d9024a18-5ac4-4fcd-8db4-e74652d96d30
72.5,393.3,0,0.13,2.73,10.01,12.04,21.2,,,,0.55,17.8,6,6.18,432,c41c0bf0-c96e-ea11-a811-000d3af77de6,0,,,Active,Active,,,3389949,d9024a18-5ac4-4fcd-8db4-e74652d96d30
88.2,344.91,0,0.17,2.46,10.01,15.76,18.3,,,,0.55,17.8,6,5.93,432,c31c0bf0-c96e-ea11-a811-000d3af77de6,0,,,Active,Active,,,3389948,d9024a18-5ac4-4fcd-8db4-e74652d96d30
84.2,388.74,0,0.14,2.26,10.01,10.45,18.5,,,,0.55,17.8,6,6.25,432,c11c0bf0-c96e-ea11-a811-000d3af77de6,0,,,Active,Active,,,3389947,d9024a18-5ac4-4fcd-8db4-e74652d96d30
95.4,396.9,0,0.22,2.55,10.01,17.09,18.7,,,,0.55,17.8,6,6.09,432,c01c0bf0-c96e-ea11-a811-000d3af77de6,0,,,Active,Active,,,3389946,d9024a18-5ac4-4fcd-8db4-e74652d96d30
92.9,394.95,0,0.12,2.35,10.01,16.21,18.8,,,,0.55,17.8,6,5.91,432,be1c0bf0-c96e-ea11-a811-000d3af77de6,0,,,Active,Active,,,3389945,d9024a18-5ac4-4fcd-8db4-e74652d96d30
81.6,395.59,0,0.1,2.68,10.01,10.16,22.8,,,,0.55,17.8,6,6.72,432,bd1c0bf0-c96e-ea11-a811-000d3af77de6,0,,,Active,Active,,,3389944,d9024a18-5ac4-4fcd-8db4-e74652d96d30
54.4,393.49,0,0.11,2.78,8.56,13,21.7,,,,0.52,20.9,5,6.2,384,bb1c0bf0-c96e-ea11-a811-000d3af77de6,0,,,Active,Active,,,3389943,d9024a18-5ac4-4fcd-8db4-e74652d96d30
91.2,391.23,0,0.26,2.55,8.56,15.55,19.4,,,,0.52,20.9,5,6.23,384,ba1c0bf0-c96e-ea11-a811-000d3af77de6,0,,,Active,Active,,,3389942,d9024a18-5ac4-4fcd-8db4-e74652d96d30
97.1,395.24,0,0.13,2.43,8.56,12.27,19.8,,,,0.52,20.9,5,6.47,384,b91c0bf0-c96e-ea11-a811-000d3af77de6,0,,,Active,Active,,,3389941,d9024a18-5ac4-4fcd-8db4-e74652d96d30
85.2,387.69,0,0.13,2.12,8.56,14.09,20.4,,,,0.52,20.9,5,6.13,384,b81c0bf0-c96e-ea11-a811-000d3af77de6,0,,,Active,Active,,,3389940,d9024a18-5ac4-4fcd-8db4-e74652d96d30
91.9,395.67,0,0.17,2.21,8.56,18.66,19.5,,,,0.52,20.9,5,5.84,384,b71c0bf0-c96e-ea11-a811-000d3af77de6,0,,,Active,Active,,,3389939,d9024a18-5ac4-4fcd-8db4-e74652d96d30
96.7,394.05,0,0.13,2.11,8.56,16.47,19.5,,,,0.52,20.9,5,5.85,384,b61c0bf0-c96e-ea11-a811-000d3af77de6,0,,,Active,Active,,,3389938,d9024a18-5ac4-4fcd-8db4-e74652d96d30
90,392.69,0,0.14,2.42,8.56,12.33,20.1,,,,0.52,20.9,5,6.17,384,b41c0bf0-c96e-ea11-a811-000d3af77de6,0,,,Active,Active,,,3389937,d9024a18-5ac4-4fcd-8db4-e74652d96d30
87.4,394.47,0,0.21,2.71,8.56,13.44,19.3,,,,0.52,20.9,5,6.14,384,b31c0bf0-c96e-ea11-a811-000d3af77de6,0,,,Active,Active,,,3389936,d9024a18-5ac4-4fcd-8db4-e74652d96d30
85.4,70.8,0,0.23,2.71,8.56,10.63,18.6,,,,0.52,20.9,5,6.4,384,b21c0bf0-c96e-ea11-a811-000d3af77de6,0,,,Active,Active,,,3389935,d9024a18-5ac4-4fcd-8db4-e74652d96d30
71.3,395.58,0,0.11,2.86,8.56,7.67,26.5,,,,0.52,20.9,5,6.78,384,b11c0bf0-c96e-ea11-a811-000d3af77de6,0,,,Active,Active,,,3389934,d9024a18-5ac4-4fcd-8db4-e74652d96d30
79.9,394.76,0,0.15,2.78,8.56,9.42,27.5,,,,0.52,20.9,5,6.73,384,b01c0bf0-c96e-ea11-a811-000d3af77de6,0,,,Active,Active,,,3389933,d9024a18-5ac4-4fcd-8db4-e74652d96d30
62.5,396.9,0,0.07,3.5,2.89,6.19,33.2,,,,0.44,18,2,7.42,276,af1c0bf0-c96e-ea11-a811-000d3af77de6,0,,,Active,Active,,,3389932,d9024a18-5ac4-4fcd-8db4-e74652d96d30
36.9,393.53,0,0.08,3.5,2.89,3.57,43.8,,,,0.44,18,2,7.82,276,ab1c0bf0-c96e-ea11-a811-000d3af77de6,0,,,Active,Active,,,3389931,d9024a18-5ac4-4fcd-8db4-e74652d96d30
76,396.9,0,0.12,3.5,2.89,4.21,38.7,,,,0.44,18,2,8.07,276,a91c0bf0-c96e-ea11-a811-000d3af77de6,0,,,Active,Active,,,3389930,d9024a18-5ac4-4fcd-8db4-e74652d96d30
69.6,391.83,0,0.12,3.5,2.89,11.34,21.4,,,,0.44,18,2,6.16,276,a81c0bf0-c96e-ea11-a811-000d3af77de6,0,,,Active,Active,,,3389929,d9024a18-5ac4-4fcd-8db4-e74652d96d30
57.8,357.98,0,0.12,3.5,2.89,6.65,28.4,,,,0.44,18,2,6.62,276,a71c0bf0-c96e-ea11-a811-000d3af77de6,0,,,Active,Active,,,3389928,d9024a18-5ac4-4fcd-8db4-e74652d96d30
77.3,396.9,0,0.04,3.62,15.04,10.59,20.6,,,,0.46,18.2,4,6.25,270,a61c0bf0-c96e-ea11-a811-000d3af77de6,28,,,Active,Active,,,3389927,d9024a18-5ac4-4fcd-8db4-e74652d96d30
28.9,396.33,0,0.03,3.67,15.04,6.21,25,,,,0.46,18.2,4,6.21,270,a51c0bf0-c96e-ea11-a811-000d3af77de6,28,,,Active,Active,,,3389926,d9024a18-5ac4-4fcd-8db4-e74652d96d30
53.6,395.01,0,0.04,3.67,15.04,8.16,22.9,,,,0.46,18.2,4,6.44,270,a31c0bf0-c96e-ea11-a811-000d3af77de6,28,,,Active,Active,,,3389925,d9024a18-5ac4-4fcd-8db4-e74652d96d30
73.9,393.55,0,0.04,3.09,3.41,8.2,22,,,,0.49,17.8,2,6.4,270,9e1c0bf0-c96e-ea11-a811-000d3af77de6,0,,,Active,Active,,,3389924,d9024a18-5ac4-4fcd-8db4-e74652d96d30
66.1,392.18,0,0.05,3.09,3.41,8.81,22.6,,,,0.49,17.8,2,6.42,270,9d1c0bf0-c96e-ea11-a811-000d3af77de6,0,,,Active,Active,,,3389923,d9024a18-5ac4-4fcd-8db4-e74652d96d30
63.1,396.06,0,0.05,3.41,3.41,5.7,28.7,,,,0.49,17.8,2,7.08,270,9b1c0bf0-c96e-ea11-a811-000d3af77de6,0,,,Active,Active,,,3389922,d9024a18-5ac4-4fcd-8db4-e74652d96d30
86.3,396.9,0,0.06,3.42,3.41,5.5,23.6,,,,0.49,17.8,2,7.01,270,981c0bf0-c96e-ea11-a811-000d3af77de6,0,,,Active,Active,,,3389921,d9024a18-5ac4-4fcd-8db4-e74652d96d30
56.8,395.15,0,0.07,3.75,4.49,8.44,22.2,,,,0.45,18.5,3,6.12,247,971c0bf0-c96e-ea11-a811-000d3af77de6,0,,,Active,Active,,,3389920,d9024a18-5ac4-4fcd-8db4-e74652d96d30
45.1,395.99,0,0.05,4.43,4.49,12.86,22.5,,,,0.45,18.5,3,6.02,247,951c0bf0-c96e-ea11-a811-000d3af77de6,0,,,Active,Active,,,3389919,d9024a18-5ac4-4fcd-8db4-e74652d96d30
56.1,392.3,0,0.06,4.44,4.49,6.53,26.6,,,,0.45,18.5,3,6.63,247,931c0bf0-c96e-ea11-a811-000d3af77de6,0,,,Active,Active,,,3389918,d9024a18-5ac4-4fcd-8db4-e74652d96d30
48,396.9,0,0.05,4.78,4.49,9.62,23.9,,,,0.45,18.5,3,6.39,247,911c0bf0-c96e-ea11-a811-000d3af77de6,0,,,Active,Active,,,3389917,d9024a18-5ac4-4fcd-8db4-e74652d96d30
46.7,390.64,0,0.04,5.4,4.86,7.51,22.9,,,,0.43,19,4,6.17,281,901c0bf0-c96e-ea11-a811-000d3af77de6,25,,,Active,Active,,,3389916,d9024a18-5ac4-4fcd-8db4-e74652d96d30
32.2,396.9,0,0.04,5.4,4.86,6.72,24.8,,,,0.43,19,4,6.3,281,8f1c0bf0-c96e-ea11-a811-000d3af77de6,25,,,Active,Active,,,3389915,d9024a18-5ac4-4fcd-8db4-e74652d96d30
70.4,395.63,0,0.04,5.4,4.86,7.22,23.9,,,,0.43,19,4,6.62,281,8e1c0bf0-c96e-ea11-a811-000d3af77de6,25,,,Active,Active,,,3389914,d9024a18-5ac4-4fcd-8db4-e74652d96d30
33.5,396.9,0,0.04,5.4,4.86,5.29,28,,,,0.43,19,4,6.73,281,8d1c0bf0-c96e-ea11-a811-000d3af77de6,25,,,Active,Active,,,3389913,d9024a18-5ac4-4fcd-8db4-e74652d96d30
36.6,396.06,0,0.08,4.5,12.83,9.1,20.3,,,,0.44,18.7,5,5.87,398,8c1c0bf0-c96e-ea11-a811-000d3af77de6,0,,,Active,Active,,,3389912,d9024a18-5ac4-4fcd-8db4-e74652d96d30
53.7,386.4,0,0.06,5.01,12.83,12.34,21.2,,,,0.44,18.7,5,6.23,398,891c0bf0-c96e-ea11-a811-000d3af77de6,0,,,Active,Active,,,3389911,d9024a18-5ac4-4fcd-8db4-e74652d96d30
45.8,386.96,0,0.09,4.09,12.83,10.27,20.8,,,,0.44,18.7,5,6.14,398,861c0bf0-c96e-ea11-a811-000d3af77de6,0,,,Active,Active,,,3389910,d9024a18-5ac4-4fcd-8db4-e74652d96d30
74.5,373.66,0,0.1,4.05,12.83,11.97,20,,,,0.44,18.7,5,6.28,398,831c0bf0-c96e-ea11-a811-000d3af77de6,0,,,Active,Active,,,3389909,d9024a18-5ac4-4fcd-8db4-e74652d96d30
45,383.23,0,0.1,4.5,12.83,8.94,21.4,,,,0.44,18.7,5,6.29,398,811c0bf0-c96e-ea11-a811-000d3af77de6,0,,,Active,Active,,,3389908,d9024a18-5ac4-4fcd-8db4-e74652d96d30
6,394.92,0,0.08,4.25,12.83,6.78,24.1,,,,0.44,18.7,5,6.27,398,801c0bf0-c96e-ea11-a811-000d3af77de6,0,,,Active,Active,,,3389907,d9024a18-5ac4-4fcd-8db4-e74652d96d30
6.2,377.17,0,0.2,5.29,10.81,7.54,23.4,,,,0.41,19.2,4,6.24,305,7c1c0bf0-c96e-ea11-a811-000d3af77de6,0,,,Active,Active,,,3389906,d9024a18-5ac4-4fcd-8db4-e74652d96d30
7.8,390.91,0,0.09,5.29,10.81,5.52,22.8,,,,0.41,19.2,4,6.06,305,791c0bf0-c96e-ea11-a811-000d3af77de6,0,,,Active,Active,,,3389905,d9024a18-5ac4-4fcd-8db4-e74652d96d30
17.5,376.94,0,0.16,5.29,10.81,9.88,21.7,,,,0.41,19.2,4,5.96,305,751c0bf0-c96e-ea11-a811-000d3af77de6,0,,,Active,Active,,,3389904,d9024a18-5ac4-4fcd-8db4-e74652d96d30
6.6,383.73,0,0.09,5.29,10.81,6.72,24.2,,,,0.41,19.2,4,6.42,305,731c0bf0-c96e-ea11-a811-000d3af77de6,0,,,Active,Active,,,3389903,d9024a18-5ac4-4fcd-8db4-e74652d96d30
33,396.9,0,0.13,6.5,6.07,8.79,20.9,,,,0.41,18.9,4,5.88,345,701c0bf0-c96e-ea11-a811-000d3af77de6,12.5,,,Active,Active,,,3389902,d9024a18-5ac4-4fcd-8db4-e74652d96d30
36.8,396.9,0,0.14,6.5,6.07,13.09,17.4,,,,0.41,18.9,4,5.59,345,691c0bf0-c96e-ea11-a811-000d3af77de6,12.5,,,Active,Active,,,3389901,d9024a18-5ac4-4fcd-8db4-e74652d96d30
21.4,396.21,0,0.06,6.5,6.07,8.1,22,,,,0.41,18.9,4,5.88,345,681c0bf0-c96e-ea11-a811-000d3af77de6,12.5,,,Active,Active,,,3389900,d9024a18-5ac4-4fcd-8db4-e74652d96d30
31.1,396.9,0,0.04,6.61,3.37,10.24,19.4,,,,0.4,16.1,4,5.79,337,651c0bf0-c96e-ea11-a811-000d3af77de6,80,,,Active,Active,,,3389899,d9024a18-5ac4-4fcd-8db4-e74652d96d30
17.8,396.9,0,0.04,6.61,3.37,4.67,23.5,,,,0.4,16.1,4,6.29,337,641c0bf0-c96e-ea11-a811-000d3af77de6,80,,,Active,Active,,,3389898,d9024a18-5ac4-4fcd-8db4-e74652d96d30
59.5,393.24,0,0.02,9.22,1.38,8.05,33,,,,0.42,18.6,3,7.1,216,621c0bf0-c96e-ea11-a811-000d3af77de6,17.5,,,Active,Active,,,3389897,d9024a18-5ac4-4fcd-8db4-e74652d96d30
43.4,395.58,0,0.13,7.98,5.13,9.5,25,,,,0.45,19.7,8,6.76,284,611c0bf0-c96e-ea11-a811-000d3af77de6,25,,,Active,Active,,,3389896,d9024a18-5ac4-4fcd-8db4-e74652d96d30
67.8,396.9,0,0.11,7.23,5.13,6.73,22.2,,,,0.45,19.7,8,6.46,284,5f1c0bf0-c96e-ea11-a811-000d3af77de6,25,,,Active,Active,,,3389895,d9024a18-5ac4-4fcd-8db4-e74652d96d30
93.4,378.08,0,0.17,6.82,5.13,14.44,16,,,,0.45,19.7,8,5.97,284,5c1c0bf0-c96e-ea11-a811-000d3af77de6,25,,,Active,Active,,,3389894,d9024a18-5ac4-4fcd-8db4-e74652d96d30
66.2,395.11,0,0.15,7.23,5.13,13.15,18.7,,,,0.45,19.7,8,5.74,284,5b1c0bf0-c96e-ea11-a811-000d3af77de6,25,,,Active,Active,,,3389893,d9024a18-5ac4-4fcd-8db4-e74652d96d30
47.2,396.9,0,0.1,6.93,5.13,9.22,19.6,,,,0.45,19.7,8,5.93,284,5a1c0bf0-c96e-ea11-a811-000d3af77de6,25,,,Active,Active,,,3389892,d9024a18-5ac4-4fcd-8db4-e74652d96d30
29.2,390.68,0,0.15,7.81,5.13,6.86,23.3,,,,0.45,19.7,8,6.14,284,581c0bf0-c96e-ea11-a811-000d3af77de6,25,,,Active,Active,,,3389891,d9024a18-5ac4-4fcd-8db4-e74652d96d30
40.5,392.9,0,0.01,8.32,1.32,3.95,31.6,,,,0.41,15.1,5,6.82,256,571c0bf0-c96e-ea11-a811-000d3af77de6,100,,,Active,Active,,,3389890,d9024a18-5ac4-4fcd-8db4-e74652d96d30
35.7,396.9,0,0.02,9.19,0.74,5.77,24.7,,,,0.41,17.3,2,6.38,313,551c0bf0-c96e-ea11-a811-000d3af77de6,85,,,Active,Active,,,3389889,d9024a18-5ac4-4fcd-8db4-e74652d96d30
21.9,395.93,0,0.01,8.7,1.22,4.81,35.4,,,,0.4,17.9,5,7.25,226,541c0bf0-c96e-ea11-a811-000d3af77de6,90,,,Active,Active,,,3389888,d9024a18-5ac4-4fcd-8db4-e74652d96d30
47.6,396.9,0,0.01,7.32,4,14.8,18.9,,,,0.41,21.1,3,5.89,469,531c0bf0-c96e-ea11-a811-000d3af77de6,75,,,Active,Active,,,3389887,d9024a18-5ac4-4fcd-8db4-e74652d96d30
21.4,396.9,0,0.05,6.81,5.64,8.43,23.4,,,,0.44,16.8,4,6,243,511c0bf0-c96e-ea11-a811-000d3af77de6,21,,,Active,Active,,,3389886,d9024a18-5ac4-4fcd-8db4-e74652d96d30
21.1,396.9,0,0.05,6.81,5.64,5.28,25,,,,0.44,16.8,4,6.51,243,501c0bf0-c96e-ea11-a811-000d3af77de6,21,,,Active,Active,,,3389885,d9024a18-5ac4-4fcd-8db4-e74652d96d30
63,393.97,0,0.04,6.81,5.64,9.43,20.5,,,,0.44,16.8,4,6.12,243,4f1c0bf0-c96e-ea11-a811-000d3af77de6,21,,,Active,Active,,,3389884,d9024a18-5ac4-4fcd-8db4-e74652d96d30
45.7,395.56,0,0.09,6.81,5.64,13.45,19.7,,,,0.44,16.8,4,5.96,243,4c1c0bf0-c96e-ea11-a811-000d3af77de6,21,,,Active,Active,,,3389883,d9024a18-5ac4-4fcd-8db4-e74652d96d30
62,396.9,0,0.22,6.09,6.91,16.2,19.4,,,,0.45,17.9,3,5.6,233,4b1c0bf0-c96e-ea11-a811-000d3af77de6,0,,,Active,Active,,,3389882,d9024a18-5ac4-4fcd-8db4-e74652d96d30
95.3,396.9,0,0.25,5.87,6.91,30.81,14.4,,,,0.45,17.9,3,5.4,233,451c0bf0-c96e-ea11-a811-000d3af77de6,0,,,Active,Active,,,3389881,d9024a18-5ac4-4fcd-8db4-e74652d96d30
85.5,392.74,0,0.23,5.69,6.91,18.8,16.6,,,,0.45,17.9,3,6.03,233,401c0bf0-c96e-ea11-a811-000d3af77de6,0,,,Active,Active,,,3389880,d9024a18-5ac4-4fcd-8db4-e74652d96d30
33.3,396.9,0,0.19,5.1,6.91,14.15,20,,,,0.45,17.9,3,5.79,233,3f1c0bf0-c96e-ea11-a811-000d3af77de6,0,,,Active,Active,,,3389879,d9024a18-5ac4-4fcd-8db4-e74652d96d30
33.8,396.9,0,0.17,5.1,6.91,10.21,19.3,,,,0.45,17.9,3,5.68,233,3c1c0bf0-c96e-ea11-a811-000d3af77de6,0,,,Active,Active,,,3389878,d9024a18-5ac4-4fcd-8db4-e74652d96d30
40,389.39,0,0.12,5.72,6.91,9.55,21.2,,,,0.45,17.9,3,6.07,233,3b1c0bf0-c96e-ea11-a811-000d3af77de6,0,,,Active,Active,,,3389877,d9024a18-5ac4-4fcd-8db4-e74652d96d30
6.5,394.46,0,0.16,5.72,6.91,7.44,24.7,,,,0.45,17.9,3,6.21,233,3a1c0bf0-c96e-ea11-a811-000d3af77de6,0,,,Active,Active,,,3389876,d9024a18-5ac4-4fcd-8db4-e74652d96d30
6.6,383.37,0,0.14,5.72,6.91,5.81,25.3,,,,0.45,17.9,3,6.17,233,391c0bf0-c96e-ea11-a811-000d3af77de6,0,,,Active,Active,,,3389875,d9024a18-5ac4-4fcd-8db4-e74652d96d30
2.9,385.41,0,0.13,5.72,6.91,4.84,26.6,,,,0.45,17.9,3,6.77,233,371c0bf0-c96e-ea11-a811-000d3af77de6,0,,,Active,Active,,,3389874,d9024a18-5ac4-4fcd-8db4-e74652d96d30
15.8,395.62,0,0.03,5.4,2.95,1.98,34.9,,,,0.43,18.3,3,7.02,252,351c0bf0-c96e-ea11-a811-000d3af77de6,75,,,Active,Active,,,3389873,d9024a18-5ac4-4fcd-8db4-e74652d96d30
21.8,395.63,0,0.03,5.4,2.95,4.32,30.8,,,,0.43,18.3,3,6.6,252,341c0bf0-c96e-ea11-a811-000d3af77de6,75,,,Active,Active,,,3389872,d9024a18-5ac4-4fcd-8db4-e74652d96d30
30.2,393.43,0,0.18,3.85,5.96,10.13,24.7,,,,0.5,19.2,5,5.97,279,311c0bf0-c96e-ea11-a811-000d3af77de6,0,,,Active,Active,,,3389871,d9024a18-5ac4-4fcd-8db4-e74652d96d30
41.5,396.9,0,0.08,3.93,5.96,8.77,21,,,,0.5,19.2,5,5.85,279,2e1c0bf0-c96e-ea11-a811-000d3af77de6,0,,,Active,Active,,,3389870,d9024a18-5ac4-4fcd-8db4-e74652d96d30
61.4,377.56,0,0.1,3.38,5.96,11.41,20,,,,0.5,19.2,5,5.84,279,2d1c0bf0-c96e-ea11-a811-000d3af77de6,0,,,Active,Active,,,3389869,d9024a18-5ac4-4fcd-8db4-e74652d96d30
68.2,396.9,0,0.06,3.36,5.96,9.68,18.9,,,,0.5,19.2,5,5.93,279,2c1c0bf0-c96e-ea11-a811-000d3af77de6,0,,,Active,Active,,,3389868,d9024a18-5ac4-4fcd-8db4-e74652d96d30
96.9,248.31,0,1.61,3.76,8.14,20.34,13.5,,,,0.54,21,4,6.1,307,2b1c0bf0-c96e-ea11-a811-000d3af77de6,0,,,Active,Active,,,3389867,d9024a18-5ac4-4fcd-8db4-e74652d96d30
95,358.77,0,1.15,3.79,8.14,18.35,13.1,,,,0.54,21,4,5.7,307,281c0bf0-c96e-ea11-a811-000d3af77de6,0,,,Active,Active,,,3389866,d9024a18-5ac4-4fcd-8db4-e74652d96d30
82,232.6,0,1.39,3.99,8.14,27.71,13.2,,,,0.54,21,4,5.95,307,261c0bf0-c96e-ea11-a811-000d3af77de6,0,,,Active,Active,,,3389865,d9024a18-5ac4-4fcd-8db4-e74652d96d30
100,376.73,0,1.35,4.18,8.14,13.04,14.5,,,,0.54,21,4,6.07,307,251c0bf0-c96e-ea11-a811-000d3af77de6,0,,,Active,Active,,,3389864,d9024a18-5ac4-4fcd-8db4-e74652d96d30
94.1,360.17,0,1.13,4.23,8.14,22.6,12.7,,,,0.54,21,4,5.71,307,231c0bf0-c96e-ea11-a811-000d3af77de6,0,,,Active,Active,,,3389863,d9024a18-5ac4-4fcd-8db4-e74652d96d30
87.3,380.23,0,1,4.24,8.14,11.98,21,,,,0.54,21,4,6.67,307,221c0bf0-c96e-ea11-a811-000d3af77de6,0,,,Active,Active,,,3389861,d9024a18-5ac4-4fcd-8db4-e74652d96d30
94.4,387.94,0,0.77,4.45,8.14,12.8,18.4,,,,0.54,21,4,6.5,307,201c0bf0-c96e-ea11-a811-000d3af77de6,0,,,Active,Active,,,3389860,d9024a18-5ac4-4fcd-8db4-e74652d96d30
88.8,306.38,0,0.96,4.45,8.14,17.28,14.8,,,,0.54,21,4,6.05,307,1f1c0bf0-c96e-ea11-a811-000d3af77de6,0,,,Active,Active,,,3389859,d9024a18-5ac4-4fcd-8db4-e74652d96d30
90.3,376.88,0,0.67,4.68,8.14,14.81,16.6,,,,0.54,21,4,5.81,307,1e1c0bf0-c96e-ea11-a811-000d3af77de6,0,,,Active,Active,,,3389858,d9024a18-5ac4-4fcd-8db4-e74652d96d30
85.7,303.42,0,0.84,4.45,8.14,16.51,13.9,,,,0.54,21,4,5.6,307,1d1c0bf0-c96e-ea11-a811-000d3af77de6,0,,,Active,Active,,,3389857,d9024a18-5ac4-4fcd-8db4-e74652d96d30
94.1,394.33,0,0.75,4.4,8.14,16.3,15.6,,,,0.54,21,4,5.92,307,1c1c0bf0-c96e-ea11-a811-000d3af77de6,0,,,Active,Active,,,3389856,d9024a18-5ac4-4fcd-8db4-e74652d96d30
100,394.54,0,0.99,4.1,8.14,19.88,14.5,,,,0.54,21,4,5.81,307,191c0bf0-c96e-ea11-a811-000d3af77de6,0,,,Active,Active,,,3389855,d9024a18-5ac4-4fcd-8db4-e74652d96d30
91.7,396.9,0,1.23,3.98,8.14,18.72,15.2,,,,0.54,21,4,6.14,307,181c0bf0-c96e-ea11-a811-000d3af77de6,0,,,Active,Active,,,3389854,d9024a18-5ac4-4fcd-8db4-e74652d96d30
89.2,392.53,0,0.85,4.01,8.14,13.83,19.6,,,,0.54,21,4,5.96,307,171c0bf0-c96e-ea11-a811-000d3af77de6,0,,,Active,Active,,,3389853,d9024a18-5ac4-4fcd-8db4-e74652d96d30
98.1,376.57,0,1.25,3.8,8.14,21.02,13.6,,,,0.54,21,4,5.57,307,161c0bf0-c96e-ea11-a811-000d3af77de6,0,,,Active,Active,,,3389852,d9024a18-5ac4-4fcd-8db4-e74652d96d30
69.5,390.95,0,0.73,3.8,8.14,11.28,18.2,,,,0.54,21,4,5.73,307,151c0bf0-c96e-ea11-a811-000d3af77de6,0,,,Active,Active,,,3389851,d9024a18-5ac4-4fcd-8db4-e74652d96d30
36.6,288.99,0,0.8,3.8,8.14,11.69,20.2,,,,0.54,21,4,5.46,307,141c0bf0-c96e-ea11-a811-000d3af77de6,0,,,Active,Active,,,3389850,d9024a18-5ac4-4fcd-8db4-e74652d96d30
81.7,386.75,0,0.78,4.26,8.14,14.67,17.5,,,,0.54,21,4,5.99,307,131c0bf0-c96e-ea11-a811-000d3af77de6,0,,,Active,Active,,,3389849,d9024a18-5ac4-4fcd-8db4-e74652d96d30
29.3,386.85,0,1.05,4.5,8.14,6.58,23.1,,,,0.54,21,4,5.94,307,121c0bf0-c96e-ea11-a811-000d3af77de6,0,,,Active,Active,,,3389848,d9024a18-5ac4-4fcd-8db4-e74652d96d30
56.5,395.62,0,0.63,4.5,8.14,8.47,19.9,,,,0.54,21,4,5.83,307,111c0bf0-c96e-ea11-a811-000d3af77de6,0,,,Active,Active,,,3389847,d9024a18-5ac4-4fcd-8db4-e74652d96d30
84.5,380.02,0,0.64,4.46,8.14,10.26,18.2,,,,0.54,21,4,6.1,307,101c0bf0-c96e-ea11-a811-000d3af77de6,0,,,Active,Active,,,3389846,d9024a18-5ac4-4fcd-8db4-e74652d96d30
61.8,396.9,0,0.63,4.71,8.14,8.26,20.4,,,,0.54,21,4,5.95,307,0f1c0bf0-c96e-ea11-a811-000d3af77de6,0,,,Active,Active,,,3389845,d9024a18-5ac4-4fcd-8db4-e74652d96d30
39,390.5,0,0.09,5.45,7.87,15.71,21.7,,,,0.52,15.2,5,5.89,311,0e1c0bf0-c96e-ea11-a811-000d3af77de6,12.5,,,Active,Active,,,3389844,d9024a18-5ac4-4fcd-8db4-e74652d96d30
82.9,396.9,0,0.12,6.23,7.87,13.27,18.9,,,,0.52,15.2,5,6.01,311,0d1c0bf0-c96e-ea11-a811-000d3af77de6,12.5,,,Active,Active,,,3389843,d9024a18-5ac4-4fcd-8db4-e74652d96d30
94.3,392.52,0,0.22,6.35,7.87,20.45,15,,,,0.52,15.2,5,6.38,311,0c1c0bf0-c96e-ea11-a811-000d3af77de6,12.5,,,Active,Active,,,3389842,d9024a18-5ac4-4fcd-8db4-e74652d96d30
85.9,386.71,0,0.17,6.59,7.87,17.1,18.9,,,,0.52,15.2,5,6,311,0b1c0bf0-c96e-ea11-a811-000d3af77de6,12.5,,,Active,Active,,,3389841,d9024a18-5ac4-4fcd-8db4-e74652d96d30
100,386.63,0,0.21,6.08,7.87,29.93,16.5,,,,0.52,15.2,5,5.63,311,091c0bf0-c96e-ea11-a811-000d3af77de6,12.5,,,Active,Active,,,3389840,d9024a18-5ac4-4fcd-8db4-e74652d96d30
96.1,396.9,0,0.14,5.95,7.87,19.15,27.1,,,,0.52,15.2,5,6.17,311,051c0bf0-c96e-ea11-a811-000d3af77de6,12.5,,,Active,Active,,,3389839,d9024a18-5ac4-4fcd-8db4-e74652d96d30
66.6,395.6,0,0.09,5.56,7.87,12.43,22.9,,,,0.52,15.2,5,6.01,311,021c0bf0-c96e-ea11-a811-000d3af77de6,12.5,,,Active,Active,,,3389838,d9024a18-5ac4-4fcd-8db4-e74652d96d30
58.7,394.12,0,0.03,6.06,2.18,5.21,28.7,,,,0.46,18.7,3,6.43,222,011c0bf0-c96e-ea11-a811-000d3af77de6,0,,,Active,Active,,,3389837,d9024a18-5ac4-4fcd-8db4-e74652d96d30
54.2,396.9,0,0.07,6.06,2.18,5.33,36.2,,,,0.46,18.7,3,7.15,222,001c0bf0-c96e-ea11-a811-000d3af77de6,0,,,Active,Active,,,3389836,d9024a18-5ac4-4fcd-8db4-e74652d96d30
45.8,394.63,0,0.03,6.06,2.18,2.94,33.4,,,,0.46,18.7,3,7,222,ff1b0bf0-c96e-ea11-a811-000d3af77de6,0,,,Active,Active,,,3389835,d9024a18-5ac4-4fcd-8db4-e74652d96d30
61.1,392.83,0,0.03,4.97,7.07,4.03,34.7,,,,0.47,17.8,2,7.18,242,fe1b0bf0-c96e-ea11-a811-000d3af77de6,0,,,Active,Active,,,3389834,d9024a18-5ac4-4fcd-8db4-e74652d96d30
78.9,396.9,0,0.03,4.97,7.07,9.14,21.6,,,,0.47,17.8,2,6.42,242,fd1b0bf0-c96e-ea11-a811-000d3af77de6,0,,,Active,Active,,,3389833,d9024a18-5ac4-4fcd-8db4-e74652d96d30
65.2,396.9,0,0.01,4.09,2.31,4.98,24,,,,0.54,15.3,1,6.58,296,fc1b0bf0-c96e-ea11-a811-000d3af77de6,18,,,Active,Active,,,3389832,d9024a18-5ac4-4fcd-8db4-e74652d96d30
